"CVEGEO_origin","CVEGEO_destination","proxy_uso"
"13001001A","130040026",1
"13001001A","130240014",2
"130010024","130010024",3
"130010024","130010039",1
"130010024","130240014",1
"130010024","130770145",2
"130010039","130010024",1
"130010039","130010039",1
"130010039","130770164_X",2
"1300200010125","130020017",1
"1300200010125","130770164_X",1
"130020001013A","13057002A",1
"1300200070229","130020040",1
"1300200160182","13057002A",1
"130020017","130020017",2
"130020017","130020040",1
"130020017","13057002A",1
"130020017","130770145",1
"130020017","130770164_X",1
"130020040","130020017",1
"130020040","130020040",5
"130020040","130760063",1
"130020040","1307700010520",1
"130020040","130770001054A",2
"130020040","1307700010677",1
"130020040","130770145",1
"1300300010103","130540013",1
"1300300010118","130030001032A",1
"1300300010118","1300300010368",1
"1300300010118","130030033",2
"1300300010141","1300300010368",1
"1300300010141","1300300100230",1
"1300300010141","130030090",1
"1300300010156","1300300010368",2
"1300300010156","130030090",2
"1300300010156","130100001017A",1
"1300300010160","1300300010141",1
"1300300010160","130030033",2
"1300300010160","130520038",1
"1300300010175","1300300010160",1
"1300300010175","1300300010279",1
"1300300010175","1302300010074",2
"130030001018A","130230017",1
"130030001018A","1303000480420",1
"130030001018A","130480001075A",1
"130030001018A","130540117",1
"1300300010211","1300300010160",2
"1300300010211","130520023",1
"1300300010226","1300300010368",3
"1300300010226","130030090",2
"130030001025A","1302300120055",1
"1300300010264","130030029_K",1
"1300300010279","1300300010122",1
"1300300010279","1300300010175",1
"1300300010279","130030001018A",1
"1300300010283","1300300010175",2
"1300300010283","130030090",1
"1300300010283","1300900010145",1
"1300300010315","130090018",1
"1300300010334","130030090",1
"1300300010349","130030001018A",1
"1300300010349","1300300010283",1
"1300300010353","1300300010160",1
"1300300010353","1300300010283",1
"1300300010368","1300300010283",1
"1300300010368","130030090",48
"1300300010368","130540013",1
"1300300010372","1300300010156",1
"1300300010372","1300300010160",1
"1300300010372","1300300010368",2
"1300300010372","130030033",2
"1300300050391","130030001018A",1
"1300300050391","1300300050404",1
"1300300050391","130030029_P",1
"1300300050391","130550010",1
"1300300050404","130030001018A",1
"1300300100230","130030090",2
"1300300100230","130090018",1
"1300300100245","130030090",2
"1300300100245","130090018",1
"1300300120086","1300300010160",1
"1300300120086","1300300010175",1
"1300300120086","1300900010126",1
"1300300120086","1303000010204",1
"1300300120086","1303000010346",1
"130030014","130030033",1
"1300300140387","130090018",1
"1300300140387","1305400190102",1
"130030029_K","1300300010160",1
"130030029_K","130030029_K",7
"130030029_K","130550010",1
"130030033","130030001018A",1
"130030033","1300300010353",1
"130030033","130030033",2
"130030033","130510562_A",1
"130030033","130510577_Z",2
"130030090","1300300010211",1
"130030090","1300300100230",2
"130030090","1300300100245",1
"130030090","1300300140387",1
"130030090","130030033",1
"130030090","130030090",2
"130030090","130090018",3
"130030090","130100339",2
"1300400010045","130160205",1
"130040011","130040011",1
"130040026","130040001005A",1
"130040026","1300400010064",1
"1300500010112","1300500010201",1
"1300500010199","1300500010199",1
"1300500010199","1300500010216",1
"1300500010199","130650001006A",1
"1300500010199","1306500010106",1
"1300500010201","130050019",1
"1300500010201","130650017",4
"1300500010451","1307400010162",2
"130050005024A","1300500010184",1
"130050005024A","130050038_V",2
"130050005024A","1306500010055",1
"1300500060076","130050038_V",1
"130050019","130650001006A",1
"130050019","1306500010233",1
"130050019","130650017",1
"130050038_V","130050005024A",1
"130060016","130060016",1
"130060016","130300035044A",1
"130060016","13030005A",1
"130060016","1307600010400",1
"130060020","130060016",1
"130060020","130290044",1
"130060035","13006004A",1
"130060035","13030005A",1
"13006004A","130060020",1
"13006004A","13006004A",1
"130070001009A","130070047",1
"130070001009A","130080044",1
"130070028","1300800010307",1
"130070047","130070047",1
"1300800010059","1300800050129",1
"1300800010059","13008003A",1
"1300800010063","1306100020126",1
"1300800010097","130070001009A",1
"1300800010097","130080025",1
"1300800010097","13008003A",1
"1300800010097","1306100010304",1
"1300800010097","130610022",1
"1300800010152","1300800010294",1
"1300800010152","1306100020126",1
"1300800010167","1300800010114",1
"1300800010167","1300800010294",1
"1300800010171","1300800010097",1
"1300800010171","1300800010294",1
"1300800010171","130080025",1
"1300800010171","130610037",1
"1300800010241","130080044",1
"1300800010260","13008003A",1
"130080001028A","1300800010097",1
"130080001028A","13008003A",1
"130080001028A","1302100010116",1
"130080001028A","1306100020446",1
"130080001028A","130610037",1
"1300800010294","130720026",1
"1300800050129","130080044",1
"130080025","1300800010171",1
"130080025","1300800010256",2
"130080025","130080001028A",1
"130080025","130210031",2
"130080025","130610037",1
"13008003A","1300800010171",2
"13008003A","1300800010186",1
"13008003A","13008003A",3
"13008003A","1306100010304",1
"13008003A","1306100020427",1
"13008003A","1306100020501",1
"13008003A","130610037",2
"13008003A","130720011",2
"130080044","1300700010066",1
"130080044","1300800010171",1
"130080044","1300800110311",2
"130080044","130080044",1
"130080044","130610037",1
"1300900010126","1300900010126",1
"1300900010145","130090018",3
"1300900010145","1302300120055",1
"1300900010145","1304800012385",1
"1300900010145","130520023",1
"1300900050111","1300300010283",1
"1300900050111","1300300120086",1
"130090018","1300300010118",1
"130090018","1300300010122",1
"130090018","1300300010211",1
"130090018","1300300010334",2
"130090018","1300300100230",1
"130090018","130030033",2
"130090018","130030090",3
"130090018","1300900010145",1
"130090018","130090018",7
"130090018","13041002A",1
"130090018","1304800010213",1
"130090018","130520023",1
"130090018","130550059",1
"1301000010023","1301000010023",1
"1301000010023","1301300010148",1
"1301000010023","130540121",1
"1301000010042","1301000020080",1
"1301000010042","1301300010133",1
"1301000010042","130570015",1
"1301000010042","1307000010021",1
"1301000010042","1307000010036",1
"1301000010042","1307600010400",1
"1301000010042","130760010",1
"1301000010042","130760044",1
"1301000010165","130740016",1
"130100001017A","130030090",1
"130100001017A","1300500010201",1
"130100001017A","130670030",1
"130100001017A","130740016",1
"130100001017A","1307600220059",2
"130100001017A","130760044",1
"1301000020080","1301000010023",1
"1301000020080","1301000020108",1
"1301000020095","1301000020080",1
"1301000020362","130100324",1
"1301000020362","130740016",1
"1301000060273","1301000020254",1
"1301000060343","130740016",1
"1301000070038","1300800010171",1
"1301000070038","1301000020108",1
"1301000070038","1301000070038",1
"1301000070038","130100339",3
"1301000070038","13013003A",2
"1301000070038","130660014",1
"1301000070038","1306700010399",1
"1301000070038","1307400010177",3
"1301000070038","1307500010189",1
"1301000080288","1301000020080",2
"1301000080288","130100324",1
"130100008031A","1301300100222",1
"130100324","1301000020080",1
"130100324","1301000020269",1
"130100324","1301000070038",1
"130100324","130100324",12
"130100324","1301300100222",1
"130100324","1301300100237",1
"130100324","130130044",1
"130100324","1307600080701",1
"130100324","130760025",1
"130100324","130760044",1
"130100324","130760063",1
"130100339","130030090",1
"130100339","1301000010042",1
"130100339","1301000070038",1
"130100339","1301000080288",1
"130100339","130100324",1
"130100339","130100339",3
"130100339","1301300100237",1
"130100339","1303000010134",1
"130100339","130660014",1
"130100339","1307400020092",1
"130100339","130740016",1
"130100339","130750013_Q",2
"130100339","1307600220059",2
"130100339","130760025",1
"130100339","130760044",1
"130100339","130760063",1
"130110035","130110035",1
"130110035","13011004A",2
"13011004A","1301100010069",1
"13011004A","130110035",1
"13011004A","13011004A",1
"1301200010085","130120066",1
"1301200010117","130120066",1
"1301200010117","1303900010089",1
"1301200010121","1301200010117",1
"1301200010121","130120066",1
"1301200010136","130120013",1
"130120013","130120013",12
"130120013","130120032",1
"130120013","130120066",2
"130120013","130450014",1
"130120032","130120013",1
"130120032","130120032",1
"130120032","130680019",1
"130120066","1301200010121",1
"130120066","130120013",3
"130120066","130120032",1
"130120066","130120066",2
"130120066","130240014",1
"130120066","130240048",12
"1301300010078","1301300010133",1
"1301300010133","1301300010078",1
"1301300010133","1301300010082",1
"1301300010133","1301300010148",1
"1301300010133","1301300100222",1
"1301300010133","130130010_X",1
"1301300010148","1301000070038",1
"1301300010148","130130044",1
"1301300010148","1307000030055",1
"1301300060114","1301300010133",1
"1301300060114","1301300060129",1
"1301300060129","130100324",1
"1301300060129","1301300010078",1
"1301300060129","1301300100222",1
"1301300060129","1301300100237",1
"1301300060129","1307600220059",2
"1301300060241","1301300060114",1
"1301300100222","1301000080292",1
"1301300100222","1301300010082",1
"1301300100222","130130010_X",1
"1301300100237","1301300010082",1
"1301300100237","1307600080701",1
"130130010_X","130100339",1
"130130010_X","1301300010078",2
"130130010_X","1301300010148",1
"130130010_X","1301300060129",1
"130130010_X","130130010_X",5
"130130010_X","130670009044A",1
"130130010_X","130810010",1
"1301300130203","1301300010078",1
"1301300130203","130130010_X",1
"1301300130260","130130010_X",2
"13013003A","1301000010165",1
"13013003A","1301000080292",1
"13013003A","130100339",2
"13013003A","130130010_X",2
"13013003A","1301300130203",1
"13013003A","13013003A",4
"13013003A","130630012",1
"13013003A","1306700060435",1
"13013003A","1306700080420",1
"13013003A","130690016_I",1
"13013003A","130750013_Q",1
"130130044","1301300060114",1
"130130044","130130010_X",1
"130130044","1301300330491",1
"1301400010075","130140018",1
"1301400010094","130140018",1
"1301400010145","130140037",1
"130140037","130680019",1
"130150015","130150015",4
"130150015","130150053",2
"130150034","130370027",1
"130150049","1303000010350",1
"130150053","130150053",1
"130150053","130300030",1
"1301600010050","1301600010050",2
"1301600010050","1301600010101",1
"1301600010050","130160205",2
"1301600010050","1307700010342",1
"1301600010065","1301600290277",1
"1301600010065","130160205",1
"1301600010065","130770145",1
"1301600010084","1301600010050",2
"1301600010084","1306100020499",1
"1301600010101","1301600010101",1
"1301600010101","1307700011001",2
"1301600010116","1304800012192",1
"1301600010116","1307700010215",1
"1301600010120","13056015A",1
"1301600010120","1307700010499",1
"1301600010120","130770164_X",1
"1301600010188","1301600010116",1
"1301600010309","1301600010065",1
"1301600010309","130160205",1
"1301600010313","130770164_X",1
"1301600210281","1301600210296",1
"130160027","130160205",2
"1301600290262","130160205",2
"1301600290277","130160205",3
"130160031","1301600010116",1
"130160031","130160031",2
"130160031","130160205",1
"1301600390328","1301600010188",1
"1301600390332","1301600010050",2
"1301600390332","1301600010065",1
"1301600390332","1301600010309",1
"1301600390332","1301600390332",1
"130160046","130160031",2
"130160046","130160046",2
"130160205","1301600010050",1
"130160205","1301600010065",1
"130160205","130160027",2
"130160205","1301600290277",4
"130160205","130160031",2
"130160205","130160046",4
"130160205","130160205",9
"130160205","130510107140A",1
"130160205","1305600010075",1
"130160205","1307700010342",1
"1301700010058","130170024",1
"130170024","130640024",1
"130170024","130740016",1
"130170039","130170039",1
"130180017","130180017",2
"130180017","130180021",3
"130180017","1304900010047",1
"1301900010033","130190014",1
"1301900010033","130300026",1
"1301900010033","1305000030118",1
"1301900010052","130670011_W",1
"130190014","130190014",3
"130190014","130300030",1
"130190014","130500014",1
"130190014","130500029",1
"130190014","130540051",1
"1301900150086","1304100010195",1
"1301900150086","130410119",1
"1301900150086","1307000010074",1
"1301900150090","130670011_W",1
"130190029","1301900150086",1
"130190029","1304100010208",1
"130200034","130370050",1
"130210001007A","1300800110148",1
"130210001007A","13008003A",1
"130210001007A","130080044",1
"1302100010116","130210012",1
"1302100010116","1306900440887",1
"1302100010135","1302100010116",1
"130210012","130080001028A",1
"130210012","130080044",1
"130210012","130100339",1
"130210012","1302100010101",1
"130210012","130210012",8
"130210012","130610037",2
"130210012","130660014",5
"130210012","13083002A",1
"130210031","130080025",2
"130210031","130210012",1
"130210031","130670030",1
"1302200010077","1304800011531",1
"13022001A","13022001A",11
"13022001A","130390001006A",1
"13022001A","1304800011071",1
"13022001A","1305100010168",1
"13022001A","1305100010191",1
"13022001A","1305100010204",1
"13022001A","1305101482183",1
"13022001A","130510562_A",1
"13022001A","130510577_Z",2
"13022001A","130770001022A",1
"13022001A","130770164_X",1
"130220024","130480016",1
"130220024","1305101512319",1
"130220024","1305101512323",1
"130220024","130510577_Z",2
"130220024","130830072",2
"1302300010036","1302300010036",1
"1302300010036","1302300010074",1
"1302300010036","1302300140125",1
"1302300010036","130230017",1
"1302300010036","130410015",1
"1302300010036","1305000010090",2
"1302300010036","1305101081414",1
"1302300010040","130230017",1
"1302300010040","130670011_W",1
"130230001006A","1302300010036",1
"130230001006A","130230017",1
"1302300010089","1305000010048",1
"1302300120055","130030029_K",2
"1302300120055","1302300120055",1
"1302300120055","1304800012101",1
"1302300140093","1302300140125",2
"1302300140093","130230017",2
"1302300140110","130230017",2
"1302300140125","1302300140110",3
"130230017","1300900010130",1
"130230017","1302300010036",1
"130230017","130230001006A",2
"130230017","1302300010089",1
"130230017","1302300120055",2
"130230017","1302300140093",1
"130230017","130230017",4
"130230017","130240048",3
"130230017","13030005A",1
"130230017","1304800012347",1
"130230017","1305000010048",2
"130230017","1305400190102",1
"130230017","130840065",2
"130240014","130120013",1
"130240014","1302400010052",2
"130240014","130240014",16
"130240014","130240029",1
"130240014","130240033",1
"130240014","130240048",1
"130240029","130240014",1
"130240033","130240033",1
"130240033","130240048",1
"130240048","130120066",3
"130240048","130230017",1
"130240048","130240014",2
"130240048","130240048",6
"130240048","130450014",1
"130240048","130840065",1
"130250026","130250026",1
"13025005A","13025005A",1
"130270035","130270035",1
"1302800010136","1302800010314",1
"1302800010206","1302800010193",2
"1302800010210","130280051",1
"1302800010244","1302800010314",1
"1302800010244","1302800010545",2
"1302800010263","1302800010244",1
"1302800010263","1302800010259",1
"1302800010263","1302800010437",1
"1302800010314","130280051",2
"130280001048A","1302800010494",1
"1302800010494","1302800010526",1
"1302800010507","1302800010210",1
"130280013","130280013",1
"130280047","130280013",1
"130280047","130280047",4
"130280047","130320016",1
"130280047","130730019",1
"130280051","1302800010263",2
"130280051","130280051",2
"1302800880456","130730023",1
"130290001010A","1302900010114",1
"130290001010A","13029003A",1
"130290001010A","130290044",1
"1302900010114","130290001010A",1
"1302900010114","13029003A",1
"1302900010114","130290044",1
"1302900010114","130290078",2
"1302900010256","130290001010A",1
"1302900010256","130290063",1
"1302900010256","130290078",1
"1302900010256","130440017",1
"130290010","130290010",1
"130290010","130290044",1
"1302900240167","130290010",1
"1302900240167","130290078",1
"1302900290222","1302900290218",1
"13029003A","1302900010114",1
"13029003A","13029003A",8
"13029003A","130290044",1
"13029003A","130290078",2
"130290044","130290001010A",1
"130290044","130290010",1
"130290044","130290044",1
"130290044","130290063",1
"130290044","130290078",3
"130290044","13030005A",1
"130290063","1302900010114",1
"130290063","130290044",1
"130290063","130290063",2
"130290063","130290078",2
"130290063","130440017",3
"130290063","130580031",1
"130290078","130290001010A",2
"130290078","1302900010114",3
"130290078","130290010",1
"130290078","1302900240237",3
"130290078","13029003A",1
"130290078","130290044",2
"130290078","130290063",2
"130290078","130290078",2
"1303000010083","1303000010331",4
"1303000010083","130300026",1
"1303000010115","1303000010242",2
"1303000010134","1303000010204",3
"1303000010134","1303000010223",1
"1303000010134","1303000010238",1
"1303000010134","1303000010242",1
"1303000010134","13030005A",2
"1303000010187","1303000010204",1
"1303000010187","13030005A",1
"1303000010204","1303000010365",1
"1303000010204","13030005A",1
"1303000010204","1304100010176",1
"1303000010219","1303000010204",1
"1303000010219","1303000010219",2
"1303000010219","1303000010331",1
"1303000010219","13030005A",1
"1303000010223","1303000010204",1
"1303000010223","1303000010242",1
"1303000010223","1303000480401",1
"1303000010223","13030005A",2
"1303000010223","130580031",1
"1303000010238","1303000010238",1
"1303000010242","1303000010223",1
"1303000010242","13030005A",1
"1303000010327","130060020",1
"1303000010327","1302300140110",1
"1303000010327","1303000010134",1
"1303000010327","1303000010187",1
"1303000010346","1303000010223",1
"1303000010346","130300026",1
"1303000010365","1303000010350",1
"1303000010365","130300026",2
"1303000010365","13030005A",2
"130300001037A","1303000010242",1
"130300001037A","13030005A",1
"1303000010399","1303000010083",1
"1303000010399","1303000010242",1
"130300026","130290063",1
"130300026","130290078",1
"130300026","1303000010187",1
"130300026","130300011",2
"130300026","130300026",3
"130300026","130300030",4
"130300026","130760044",2
"130300030","130150053",1
"130300030","1303000010242",1
"130300030","1303000010350",1
"130300030","130300026",1
"130300030","130300030",8
"130300030","13030005A",3
"130300030","130840065",1
"130300035044A","1303000010280",1
"130300035044A","1303000010399",1
"130300035044A","130300026",1
"130300035044A","1303000350454",1
"1303000350469","130410119",1
"130300045","130060020",1
"130300045","1303000010219",1
"130300045","1303000010331",1
"130300045","1303000350435",1
"130300045","130300045",1
"130300045","13030005A",1
"1303000480401","1303000480416",1
"1303000480401","1303000480420",1
"1303000480416","13030005A",1
"1303000480420","13030005A",1
"1303000480420","130540051",2
"13030005A","1300300010156",1
"13030005A","130030029_K",1
"13030005A","1301300100222",1
"13030005A","130190014",1
"13030005A","1303000010134",1
"13030005A","1303000010219",1
"13030005A","1303000010242",1
"13030005A","1303000010350",1
"13030005A","130300001037A",1
"13030005A","1303000010399",1
"13030005A","130300026",2
"13030005A","130300030",3
"13030005A","1303000480401",2
"13030005A","13030005A",4
"13030005A","130630020053A",1
"13030005A","130740016",1
"13030005A","130760044",1
"1303100010080","1303000010327",1
"1303100010080","130400037",1
"1303100010080","1304800012008",1
"130320001004A","130320016",1
"1303200010054","130320001004A",1
"13034003A","1302800880460",1
"13034003A","13034003A",2
"13034003A","1304200010099",1
"13034003A","130730042",1
"13034003A","1308100010190",1
"1303500010037","130350022",2
"130350018","130350022",2
"130350018","130770145",1
"130350022","130010024",1
"130350022","130240048",1
"130350022","130350022",3
"130350022","130770183",1
"1303600010068","1308100010260",1
"130360015","1308100010190",1
"13036002A","130120013",1
"13036002A","1303600010053",1
"130360034","13036002A",2
"1303700010154","13037007A",1
"130370027","1304800010213",1
"130370031","1308100010114",1
"130370050","13020002A",1
"13038001A","1304800012864",1
"13038001A","130520023",1
"1303900010055","130390017",1
"1303900010074","1301200010136",1
"1303900010093","1303900010074",2
"1303900010093","130390017",1
"1303900010093","1305100041077",1
"1303900010106","1305100101128",1
"1303900010110","1303900010074",1
"1303900010110","1303900010106",1
"1303900010125","1303900010089",1
"1303900010125","1305100291202",1
"130390001013A","1304800010961",1
"130390017","1303900010106",2
"130400022","1303100010076",1
"130400037","1303100010080",1
"1304100010072","1304100010138",1
"1304100010072","1304100010157",1
"1304100010087","1304100010161",1
"1304100010087","130410119",2
"1304100010091","13041002A",1
"1304100010091","1304800012154",1
"1304100010091","1307600080701",1
"1304100010138","1304100010208",1
"1304100010142","1304100010157",1
"1304100010142","1304100010180",1
"1304100010142","13041002A",1
"1304100010142","130410119",1
"1304100010142","1307600010400",1
"1304100010157","1304100010176",1
"1304100010157","1304800010745",1
"1304100010161","130100324",1
"1304100010161","1307600080608",1
"1304100010161","130760025",1
"1304100010176","130500029",1
"1304100010180","1301000010023",1
"1304100010180","1304100010072",1
"1304100010180","1304100010161",1
"1304100010180","1304100010195",1
"1304100010180","1304100010208",1
"1304100010180","13041002A",1
"1304100010180","1305000010067",1
"1304100010195","130190029",1
"1304100010208","1302300120055",2
"1304100010208","1304100010138",1
"1304100010208","1304100010161",1
"1304100010208","1304100010180",2
"1304100010208","130410015",1
"130410015","130410015",2
"13041002A","130230017",1
"13041002A","13030005A",1
"13041002A","1304100010072",2
"13041002A","1304100010176",1
"13041002A","1304100010180",1
"13041002A","130410015",1
"13041002A","13041002A",9
"13041002A","1305000010048",1
"13041002A","1305000010052",1
"13041002A","130550025",1
"130410119","1303000350469",1
"130410119","1304100010087",2
"130410119","1305000010067",1
"1304200010084","1304800010590",1
"1304200010099","130790050",1
"1304200010101","1304200010084",1
"1304200010101","130420027",1
"130420012","13034003A",1
"130420027","13034003A",1
"130420027","130680038",1
"13043001A","1304300010058",1
"13043001A","130840046",1
"130430043","130430043",1
"130440001006A","13029003A",1
"130440017","130290063",1
"130440017","130290078",1
"130440017","130440017",1
"130440021","1304400010055",1
"130440021","130440017",2
"130440036","130170039",3
"130440036","130440036",4
"130440036","1306300010262",1
"1304500010033","130120066",1
"1304500010048","130450029",1
"1304500010052","130120066",1
"130450014","1301200010136",1
"130450014","130120013",1
"130450014","130450014",3
"130480001004A","1304800010590",1
"130480001004A","1304800011936",1
"1304800010054","1304800012722",1
"1304800010069","1305100961700",1
"1304800010105","1304800012417",1
"1304800010105","1304800012510",1
"130480001011A","1304800010143",1
"130480001011A","1304800010196",1
"130480001011A","1304800010618",1
"130480001011A","1304800012347",1
"130480001011A","1304800012370",1
"130480001011A","130750013_Q",1
"1304800010124","130480001004A",1
"1304800010124","1304800010105",4
"1304800010124","1304800011512",1
"1304800010124","1305101061734",1
"1304800010124","1305101321861",1
"1304800010139","1304800010124",2
"1304800010139","1304800010919",2
"1304800010139","1304800010938",1
"1304800010139","1304800010980",1
"1304800010139","1304800012614",1
"1304800010143","1305100201170",1
"1304800010158","130390017",1
"1304800010158","1304800010355",1
"1304800010158","1304800011071",1
"1304800010158","130510562_A",1
"1304800010162","1304800010213",1
"1304800010162","1304800011601",1
"1304800010162","1304800012493",1
"1304800010162","1304800012544",1
"1304800010177","13036002A",1
"1304800010177","130480001004A",1
"1304800010177","1304800010285",2
"1304800010177","1304800011052",1
"1304800010177","1304800011438",1
"1304800010177","1304800012120",1
"1304800010177","130480001214A",1
"1304800010177","1304800012652",1
"1304800010196","1304800010285",1
"1304800010196","1304800011245",1
"1304800010196","1304800011387",1
"1304800010196","1304800011546",1
"1304800010196","130510577_Z",1
"1304800010209","1304800010054",1
"1304800010209","1304800011419",1
"1304800010209","1304800012417",1
"1304800010209","1305101081414",1
"1304800010209","1305101091429",1
"1304800010213","1304800010406",1
"1304800010213","1304800010425",1
"1304800010213","1304800010976",1
"1304800010213","1305101181166",1
"1304800010213","1305101471630",1
"1304800010213","1308300230284",1
"1304800010228","1304800010139",1
"1304800010228","1304800010779",1
"1304800010228","1304800012347",2
"1304800010228","1305101011359",1
"1304800010247","1304800010177",1
"1304800010247","1304800010213",1
"1304800010247","1308301020161",1
"1304800010251","1304800010162",1
"1304800010251","1304800010355",1
"1304800010251","1304800010586",1
"1304800010251","1304800010980",2
"1304800010251","1304800011048",1
"1304800010251","1304800011419",1
"1304800010251","1304800012722",1
"1304800010251","1305100141147",1
"1304800010251","1305101241490",1
"1304800010251","130510139158A",1
"1304800010251","1306900080213",1
"1304800010285","1304800010139",1
"1304800010285","1304800010196",1
"1304800010285","1304800010228",2
"1304800010285","1304800011457",1
"1304800010285","1305100041077",1
"1304800010355","1304800010209",1
"1304800010355","1304800010976",1
"1304800010355","130480001100A",1
"1304800010355","1305100270666",1
"130480001036A","1304800010177",1
"130480001036A","1304800010980",1
"130480001036A","1304800011936",1
"130480001036A","1304800012347",1
"1304800010389","1304800010162",1
"1304800010389","1304800010478",1
"1304800010389","1304800010923",3
"1304800010389","1304800010995",1
"1304800010389","1304800011423",1
"1304800010406","1304800010105",1
"1304800010406","1304800010406",1
"1304800010406","1304800010425",1
"1304800010406","1304800010444",2
"1304800010406","1304800010548",1
"1304800010406","1304800010618",1
"1304800010406","1304800011936",1
"1304800010406","1304800012648",1
"1304800010406","1305100010204",1
"1304800010425","1303900010074",1
"1304800010425","130480001004A",1
"1304800010425","1304800010406",1
"1304800010425","1304800012417",1
"1304800010425","130510577_Z",1
"1304800010425","13057002A",1
"1304800010444","1304800010251",1
"1304800010478","1304800010923",1
"1304800010478","1304800010942",2
"1304800010478","1304800012667",1
"1304800010529","1304800010529",2
"1304800010529","1304800010764",1
"1304800010529","1304800011052",1
"1304800010529","1304800011508",1
"1304800010529","1304800012347",1
"1304800010529","1305101301842",1
"1304800010529","130750013_Q",1
"1304800010529","1307700010501",1
"1304800010529","1308301330439",1
"1304800010548","130220024",1
"1304800010548","1304800010548",1
"1304800010548","1304800012493",1
"1304800010548","130510107140A",1
"1304800010548","1305101482111",1
"1304800010586","1305100961700",1
"1304800010586","1305101311857",1
"1304800010586","1305101411895",1
"1304800010586","130760010",1
"1304800010586","1308200020215",2
"1304800010586","130820022_S",1
"1304800010590","1304800010529",1
"1304800010590","1304800011423",1
"1304800010603","1304800010105",1
"1304800010603","1304800010976",3
"1304800010603","1304800011423",1
"1304800010603","130700017_G",1
"1304800010618","1304800010618",1
"1304800010618","1304800011156",2
"1304800010618","1304800012775",1
"1304800010618","130510078165A",1
"1304800010618","1305100961700",2
"1304800010622","13022001A",1
"1304800010622","1304800010783",1
"1304800010622","1304800011052",4
"1304800010622","1304800012328",1
"1304800010622","1304800012934",1
"1304800010622","1305100981715",1
"1304800010745","1304100010157",1
"1304800010745","1304800010957",1
"1304800010745","1304800011387",1
"1304800010745","1304800012192",1
"130480001075A","1304800011052",1
"1304800010764","1300300010226",1
"1304800010764","130210012",1
"1304800010764","130480001011A",1
"1304800010764","1304800010158",2
"1304800010764","1304800010779",1
"1304800010764","1304800010783",1
"1304800010764","1304800010976",1
"1304800010764","1304800011048",1
"1304800010764","1304800011391",1
"1304800010764","1304800011550",1
"1304800010764","1306900080213",1
"1304800010764","130830072",1
"1304800010779","1304800010764",2
"1304800010779","1304800011550",1
"1304800010779","1304800012328",1
"1304800010779","1304800012510",1
"1304800010779","1305100291202",1
"1304800010779","1305100842376",1
"1304800010783","1300300120086",1
"1304800010783","13030005A",1
"1304800010783","1304800011156",1
"1304800010783","1304800012489",2
"1304800010783","1308301330335",1
"1304800010783","130840084",1
"1304800010815","1304800010834",1
"130480001082A","1304800010586",1
"1304800010834","1305100270967",1
"1304800010872","130480001004A",1
"1304800010872","1304800010622",1
"1304800010891","1304800010228",1
"1304800010919","1304800010389",1
"1304800010919","1304800010478",1
"1304800010919","1304800010815",1
"1304800010919","1304800010961",1
"1304800010919","1304800011052",1
"1304800010919","1304800011917",1
"1304800010919","1304800012188",1
"1304800010919","1304800012370",2
"1304800010919","1304800012652",2
"1304800010919","130480001285A",1
"1304800010919","1305100831950",1
"1304800010923","1304800010389",3
"1304800010923","1304800012135",1
"1304800010923","130480020_V",1
"1304800010923","1305100270702",1
"1304800010923","1305100981715",2
"1304800010938","1304800010745",1
"1304800010938","1304800012154",1
"1304800010942","1304800010444",1
"1304800010942","1304800010478",2
"1304800010942","1304800012101",1
"1304800010942","1305101471630",1
"1304800010957","1304800010285",1
"1304800010961","1304800010942",1
"1304800010961","1304800010957",1
"1304800010961","1304800011565",1
"1304800010961","130480270",1
"1304800010976","1304800010764",1
"1304800010976","1304800010919",2
"1304800010976","1304800010995",1
"1304800010976","1304800011550",1
"1304800010976","1304800012366",1
"1304800010976","1305101111753",1
"1304800010976","1305101181166",2
"1304800010976","1305101451912",1
"1304800010976","1305101461626",1
"1304800010976","1305101482268",1
"1304800010976","130830068_M",1
"1304800010980","1304800010938",2
"1304800010980","130480001214A",1
"1304800010980","130480270",1
"1304800010980","1305101482215",1
"1304800010980","130510577_Z",1
"1304800010995","1304800010247",1
"1304800010995","1304800012351",1
"130480001100A","130030033",1
"130480001100A","1304800013063",1
"130480001100A","1304800013082",2
"130480001100A","1305100971325",1
"130480001100A","1305101482107",1
"1304800011048","1304800010162",1
"1304800011048","1304800010764",1
"1304800011048","1304800012347",1
"1304800011048","1304800012915",1
"1304800011048","1305100270721",1
"1304800011048","130810010",1
"1304800011048","130820022_S",1
"1304800011052","1304800010162",1
"1304800011052","1304800010529",3
"1304800011052","1304800010919",2
"1304800011052","1304800011940",1
"1304800011067","1304800012347",1
"1304800011067","1305100201170",1
"1304800011067","1305101011359",1
"1304800011071","1305100971325",1
"1304800011090","130570015",1
"1304800011118","1304800011048",1
"1304800011118","1305100781679",1
"1304800011118","130520023",1
"1304800011118","13083002A",1
"1304800011122","130070013",1
"1304800011122","1304800010389",1
"1304800011122","1304800010478",1
"1304800011122","1304800011940",1
"1304800011122","1304800012915",1
"1304800011122","130480020_V",1
"1304800011137","1304800010247",1
"1304800011137","1304800010478",1
"1304800011137","1304800010919",1
"1304800011137","1304800010957",1
"1304800011137","1304800011940",1
"1304800011137","1304800011993",1
"1304800011156","1304800010764",1
"1304800011156","1304800011387",1
"1304800011156","130510099172A",1
"1304800011156","130690008043A",1
"130480001118A","1304800010285",1
"1304800011245","1304800010980",1
"1304800011245","1304800011404",1
"1304800011298","1304800010603",1
"1304800011298","1304800012385",1
"1304800011298","1304800012915",1
"1304800011298","1305100631240",1
"1304800011298","1305100781664",1
"1304800011298","1305101391560",1
"1304800011300","1304800010891",2
"1304800011300","1305101381880",1
"1304800011300","130750013_Q",1
"1304800011315","1304800010177",1
"1304800011349","1304800011349",1
"1304800011372","1304800010196",1
"1304800011372","1304800012101",1
"1304800011387","1304800010586",1
"1304800011391","1304100010208",1
"1304800011391","1304800012120",2
"1304800011391","1304800013129",1
"1304800011391","1305101371556",2
"1304800011419","1304800010779",1
"1304800011419","1305100291202",1
"1304800011419","130750013_Q",1
"1304800011423","1304800010779",1
"1304800011423","1304800011527",1
"1304800011423","1304800012169",1
"1304800011423","130750013_Q",1
"1304800011438","1304800012775",1
"1304800011438","130510099172A",1
"1304800011442","1304800011442",1
"1304800011442","1304800012402",5
"1304800011457","1304800011300",1
"1304800011476","1304800011940",1
"1304800011508","1304800010139",1
"1304800011508","1304800010406",1
"1304800011508","1304800011300",1
"1304800011508","1308301330443",1
"1304800011512","1304800011137",1
"1304800011512","1304800012506",1
"1304800011512","1304800012972",1
"1304800011527","1304800010764",1
"1304800011527","1304800012775",1
"1304800011527","130480020_V",1
"1304800011527","1304801582703",1
"1304800011527","1308301020513",1
"1304800011527","1308301330443",1
"1304800011531","1304800010139",1
"1304800011531","1304800010196",1
"1304800011531","1304800010209",1
"1304800011531","1305100270670",1
"1304800011531","1305101461626",2
"1304800011546","1304800010162",1
"1304800011546","1304800010406",1
"1304800011546","1304800010444",1
"1304800011546","1305100270736",1
"1304800011550","1304800010251",1
"1304800011550","1304800010355",1
"1304800011550","1304800010976",1
"1304800011550","1304800011048",1
"1304800011550","1304800011137",1
"1304800011550","1304800012351",1
"1304800011550","130480020_V",1
"1304800011550","1305100601236",1
"1304800011550","1305100781679",1
"1304800011550","1305100931306",1
"1304800011550","1305100961700",1
"1304800011550","1305101021363",1
"1304800011550","1305101512319",1
"1304800011550","130510577_Z",1
"1304800011550","130820022_S",1
"1304800011565","1304800010586",1
"1304800011565","1304800010603",1
"1304800011599","1304800010995",1
"1304800011599","1304800011067",1
"1304800011601","130480270",1
"1304800011601","1305100911289",1
"1304800011847","1304800010586",1
"1304800011847","1304800010919",1
"1304800011847","1304800012328",1
"1304800011847","1304800012366",1
"1304800011847","1305101011359",1
"1304800011936","1304800010069",1
"1304800011936","1304800012008",1
"1304800011940","1304800010209",1
"1304800011940","1304800010406",1
"1304800011940","1304800010764",1
"1304800011940","1304800010938",1
"1304800011940","1304800011048",1
"1304800011940","1304800011052",1
"1304800011940","130480001196A",1
"1304800011940","1304800012563",1
"1304800011940","1304800012648",1
"1304800011940","1305101321861",1
"1304800011955","130050005024A",1
"1304800011955","1304800012510",2
"1304800011955","130520023",1
"130480001196A","1304800010069",1
"130480001196A","1305100931306",1
"130480001196A","1305101021363",1
"1304800011974","1304800011940",2
"1304800011989","1304800011457",1
"1304800011989","1304800012582",1
"1304800011993","1304800012559",1
"1304800012008","1304800010285",2
"1304800012008","1304800010745",1
"1304800012008","1304800011550",1
"1304800012008","130480001196A",1
"1304800012008","1304800012366",1
"1304800012008","1305100141151",1
"1304800012031","1306100020658",1
"1304800012046","1304800010976",1
"1304800012046","1304800011423",1
"1304800012046","1304800012046",1
"1304800012046","1305100921683",1
"1304800012050","1304800010783",1
"1304800012101","1304800010942",2
"1304800012101","1305101482272",1
"1304800012101","1308200010183",1
"1304800012116","1304800010228",1
"1304800012120","1304800010938",1
"1304800012120","1304800011391",1
"1304800012120","1304800011476",1
"1304800012135","1304800011940",1
"1304800012135","1304800012633",1
"130480001214A","130480001004A",1
"130480001214A","1304800010976",1
"130480001214A","1304800012120",1
"1304800012173","1304800010919",1
"1304800012173","1305101061734",1
"1304800012173","1308301330320",1
"1304800012188","1304800010162",2
"1304800012188","1304800012741",1
"1304800012192","130480001100A",1
"1304800012192","1305100141151",1
"1304800012192","1305101512319",1
"1304800012328","1304800010548",1
"1304800012328","1304800010779",2
"1304800012328","1304800010923",1
"1304800012328","1304800011298",1
"1304800012328","1304800011531",1
"1304800012328","1304800012328",1
"1304800012328","1304800012332",1
"1304800012328","1304800012351",1
"1304800012328","1305101371556",1
"1304800012328","1305101522395",1
"1304800012332","1305100030223",1
"1304800012347","13022001A",1
"1304800012347","130220024",2
"1304800012347","1304800010069",1
"1304800012347","130480001011A",1
"1304800012347","1304800010425",1
"1304800012347","1304800010548",1
"1304800012347","1304800010783",1
"1304800012347","1304800011048",1
"1304800012347","1304800011955",1
"1304800012347","1304800012417",1
"1304800012347","1304800012489",1
"1304800012347","130480020_V",1
"1304800012347","130480270",3
"1304800012347","1305100291202",2
"1304800012347","1305100601236",1
"1304800012347","1305101081414",1
"1304800012347","1305101221791",1
"1304800012347","1305101482111",1
"1304800012347","130510562_A",1
"1304800012347","130510577_Z",1
"1304800012347","1307700010982",1
"1304800012347","130810010",2
"1304800012351","1304800011048",1
"1304800012351","130510026119A",1
"1304800012366","1304800010105",1
"1304800012366","1304800010177",1
"1304800012366","1304800010196",1
"1304800012366","1304800010976",1
"1304800012370","1304800010177",1
"1304800012370","130480001100A",1
"1304800012370","1304800012192",1
"1304800012370","1304800012385",1
"1304800012385","1304800012953",1
"1304800012385","1308301330439",1
"130480001239A","1304800010976",1
"1304800012402","1304800010162",1
"1304800012402","1304800012351",1
"1304800012402","1304800012614",1
"1304800012402","1304800013063",1
"1304800012402","130482671_F",1
"1304800012402","130750013_Q",1
"1304800012417","1304800010069",1
"1304800012417","1304800010105",1
"1304800012417","1304800010961",1
"1304800012417","1304800011300",1
"1304800012417","1304800012008",1
"1304800012417","1304800012173",1
"1304800012417","1304800012347",3
"1304800012417","130480270",1
"1304800012417","1305100291202",1
"1304800012421","130390017",1
"1304800012421","1304800012845",1
"1304800012421","130510577_Z",1
"1304800012421","130830068_G",1
"1304800012421","1308301330439",1
"1304800012436","130480001036A",2
"1304800012440","130100324",1
"1304800012440","1305100551221",1
"130480001246A","130480001285A",1
"1304800012474","1304800011565",1
"1304800012489","1304800010783",1
"1304800012489","1304800011156",1
"1304800012493","130510577_Z",1
"1304800012506","130480001278A",1
"1304800012510","1304800010779",2
"1304800012510","130480001292A",2
"1304800012525","1304800012563",1
"130480001253A","1304800013129",1
"1304800012559","1300900010145",1
"1304800012559","1304800012563",1
"1304800012559","1305101151768",1
"1304800012563","1304800011940",1
"1304800012563","1304800012559",1
"1304800012563","1304800012633",1
"1304800012578","1304800010548",1
"130480001260A","1304800012614",1
"1304800012614","1304800010478",1
"1304800012614","1304800010919",1
"1304800012614","1304800012652",1
"1304800012629","1305101522395",1
"1304800012648","1304800011565",1
"1304800012648","1305101471630",1
"1304800012648","1305101482268",1
"1304800012648","1305101522395",2
"1304800012652","1304800012120",1
"1304800012667","130210012",1
"1304800012667","1304800010548",1
"1304800012667","1304800010919",1
"1304800012667","130510099172A",1
"1304800012722","1304800010213",1
"1304800012722","1304800010980",1
"1304800012722","1304800010995",1
"1304800012722","1304800012328",1
"1304800012722","130480270",1
"1304800012722","1305100291202",1
"1304800012722","130540121",1
"1304800012722","1308301020509",1
"1304800012737","1304800011090",1
"1304800012737","1305101011344",1
"1304800012741","1304800010976",1
"1304800012741","1304800011531",1
"1304800012741","1304800012328",1
"1304800012741","130510577_Z",1
"1304800012760","1304800012154",1
"1304800012775","1304800013078",1
"1304800012845","1304800010213",1
"1304800012845","1304800012101",1
"1304800012845","1304800012116",1
"1304800012845","1304800012173",1
"1304800012845","1304800012474",1
"1304800012845","130510577_I",1
"1304800012845","130510577_Z",1
"130480001285A","1304800010976",1
"130480001285A","130480001246A",1
"1304800012915","1308301330481",1
"130480001292A","1304800010783",1
"130480001292A","1304800011048",1
"130480001292A","1305100831946",3
"130480001292A","130510577_Z",1
"130480001292A","1306900020514",1
"1304800012934","1304800012493",1
"1304800012934","130510577_Z",1
"1304800012953","1304800012385",1
"1304800013006","130480020_V",1
"130480001303A","130480001196A",1
"1304800013063","1305100941310",1
"1304800013078","130830023027A",1
"1304800013082","1304801532898",1
"130480001310A","1305101271838",1
"1304800013114","130480020_R",1
"130480016","130220024",2
"130480016","130480016",1
"130480016","130830068_G",1
"130480020_R","1304800010548",1
"130480020_V","1304800010548",2
"130480020_V","1304800010779",2
"130480020_V","1304800012101",1
"130480020_V","1304800012116",1
"130480020_V","1304800012544",1
"130480020_V","1304800012775",1
"130480020_V","130480020_R",1
"130480020_V","130480020_V",4
"130480020_V","1304801532898",1
"130480020_V","1304801582690",2
"130480020_V","130520023",3
"130480020_V","130690016_I",1
"130480020_V","1308200020126",1
"1304801532898","1304800010779",1
"1304801582686","1300900050111",1
"1304801582690","130690016_I",1
"130480270","130220024",1
"130480270","130450014",1
"130480270","1304800011531",1
"130480270","1304800011601",1
"130480270","130480001196A",1
"130480270","1304800012417",1
"130480270","1304800012629",1
"130480270","130480270",1
"130480270","1305101361541",1
"130480270","130510562_A",1
"130480270","1308301330335",1
"130482671_M","130510577_Z",1
"130490028","130400022",1
"1305000010048","130030033",1
"1305000010048","1303000010365",1
"1305000010048","13030005A",1
"1305000010048","1305000010048",1
"1305000010048","1305000010052",1
"1305000010048","1305000010067",2
"1305000010052","1304100010180",2
"1305000010052","1304100010195",1
"1305000010067","130230017",1
"1305000010067","1305000010103",1
"1305000010071","1305000030118",1
"1305000010090","1304100010180",1
"1305000010090","13041002A",1
"1305000010090","1305000010052",1
"1305000010103","1305000010048",1
"130500029","1305000010090",1
"130500029","1305000010103",2
"130500029","130500029",2
"1305100010168","1304800011847",1
"1305100010168","1305100041077",1
"1305100010187","13057002A",1
"1305100010191","130480270",1
"1305100010191","1305100010187",1
"1305100010191","130510577_Z",1
"1305100010204","13022001A",3
"1305100010204","1305100010187",1
"1305100010204","1305100010191",1
"1305100010204","1305100271062",2
"1305100010204","1305101482215",1
"1305100010204","1305101522380",1
"1305100012041","1305101311857",1
"1305100030219","1304800011090",1
"1305100030219","1305100931293",1
"1305100030223","1305100101128",1
"1305100041077","1304800011052",1
"1305100101128","1303900010093",2
"1305100101128","1305100030219",1
"1305100101128","1305100030223",1
"1305100101128","1305100101128",1
"1305100101128","1305100931306",1
"1305100101128","130510562_A",1
"1305100121132","1305100030223",1
"1305100141151","130480270",1
"1305100141151","1305101392037",1
"1305100201170","1304800010976",1
"1305100201170","1304800011974",1
"1305100201170","1305101482130",1
"1305100231185","1304800011531",1
"130510026119A","1304800010213",1
"130510026119A","1304800011048",1
"130510026119A","1305100270666",1
"1305100270666","1304800010586",1
"1305100270666","130510577_I",1
"1305100270670","1305100270736",1
"1305100270670","1305100842361",1
"1305100270670","1305101251819",1
"1305100270685","1304800010586",1
"1305100270685","1305100201170",1
"1305100270685","1305100270685",1
"1305100270685","1305100270717",1
"1305100270685","1305100271062",1
"1305100270685","1305101031378",1
"1305100270685","130510139158A",1
"1305100270685","1305101482183",1
"130510027069A","1304800010069",1
"1305100270702","1305100271965",1
"1305100270702","130510139158A",1
"1305100270702","1305101522395",1
"1305100270717","1305100270736",1
"1305100270717","1305100272060",1
"1305100270717","1305101482130",1
"1305100270717","130510577_Z",1
"1305100270721","1305100270721",1
"1305100270721","1305100271062",1
"1305100270721","1305101482130",1
"1305100270721","1308200020056",1
"1305100270736","1305100631255",1
"1305100270952","1305100010153",1
"1305100270952","1305100271062",1
"1305100271062","1305100270666",1
"1305100271062","1305100270685",1
"1305100271062","1305100270721",1
"1305100271965","1304800010139",2
"1305100272060","1305100010204",1
"1305100291202","130120013",1
"1305100291202","130450014",1
"1305100291202","1304800010162",1
"1305100291202","1304800010213",1
"1305100291202","1304800010228",1
"1305100291202","1304800011993",1
"1305100291202","1304800012347",2
"1305100291202","1304800012417",2
"1305100291202","130480020_V",1
"1305100291202","1305101081414",1
"1305100291202","1308301330320",1
"1305100551221","130390017",1
"1305100551221","1305100551221",1
"1305100601236","1304800012614",1
"1305100601236","1305100291202",1
"1305100601236","130820022_S",1
"1305100631240","1304800010548",1
"1305100631240","130510100133A",1
"1305100631240","130510577_Z",1
"1305100631255","1305100010204",1
"1305100631255","1305100041109",1
"1305100631255","1305100601236",2
"1305100631255","130510562_A",1
"1305100631255","130510577_Z",1
"130510063126A","1304800010425",1
"130510063126A","130510026119A",1
"130510078165A","130510577_Z",1
"1305100781664","1304800010618",1
"1305100781664","1304800011264",1
"1305100781664","1304800011298",1
"1305100781664","1304800012366",1
"1305100781664","1305100010191",1
"1305100781664","1305100781664",1
"1305100781664","130510099172A",1
"1305100781679","1305100010204",1
"1305100781679","130510063126A",1
"1305100781679","1305100781679",1
"1305100831931","1304800010853",1
"1305100831931","130510148215A",1
"1305100831984","130220024",1
"1305100842357","1304800010779",1
"1305100842357","1305100781664",1
"1305100842361","1304800012328",1
"1305100842361","130480270",1
"1305100901274","130510063126A",1
"1305100921683","1304800012328",1
"1305100921683","130510099172A",1
"1305100921683","1305101401594",1
"1305100931306","13038001A",1
"1305100931306","130480001196A",1
"1305100931306","1305100601236",1
"1305100931306","1305101512319",1
"1305100951698","130510099172A",1
"1305100961700","1304800011438",1
"1305100961700","1304800012050",1
"1305100961700","1304800012173",1
"1305100961700","1304800012915",1
"1305100961700","1305101261823",1
"1305100961700","130510577_Z",1
"1305100971325","1304801532898",1
"1305100971325","1305100201170",1
"1305100971325","1306900420656",1
"1305100981715","1304800011264",1
"130510099172A","130220024",1
"130510099172A","1304800010529",1
"130510099172A","1304800011508",1
"130510099172A","1304800012046",1
"130510099172A","1305100831931",1
"130510099172A","130510577_Z",1
"130510099172A","1308300230284",1
"130510100133A","1304800010196",1
"130510100133A","1305100101128",1
"130510100133A","1305101081414",1
"130510100133A","130510562_A",1
"1305101011359","130830068_M",1
"1305101011359","1308301020161",1
"1305101021363","130510577_Z",1
"1305101061734","1305100781664",1
"130510107140A","130510562_A",1
"1305101081414","13022001A",1
"1305101081414","130220024",1
"1305101081414","1303900010074",1
"1305101081414","1303900010110",2
"1305101081414","1304500010033",1
"1305101081414","1304800010548",1
"1305101081414","1304800010622",1
"1305101081414","1304800011438",1
"1305101081414","1305100101128",2
"1305101081414","130510562_A",5
"1305101101749","1304800011527",1
"1305101101749","130830068_M",1
"1305101111753","1305101111753",1
"1305101131448","1305100030219",1
"1305101131448","1305100291202",1
"1305101141452","1305100931293",1
"1305101171787","130510027069A",1
"1305101181166","1304800010177",1
"1305101231804","130480001196A",1
"1305101251819","1304800010783",1
"1305101301842","1304800012262",1
"1305101301842","1305101482130",1
"1305101301842","130520023",1
"1305101321861","130480001011A",1
"1305101331522","1305100030223",1
"1305101331522","1305101401594",1
"1305101341876","1305100981715",1
"1305101351537","1305100271965",1
"1305101361541","1305100971325",1
"1305101371556","1304800010425",1
"1305101371556","1305100141151",1
"1305101381880","1304800012648",1
"1305101391560","1304800010177",1
"1305101391560","1305100270717",1
"130510139158A","1304800010389",2
"130510139158A","1304800010548",1
"130510139158A","1304800012667",1
"130510139158A","130510139158A",1
"1305101392037","130510027197A",1
"1305101392037","130510577_Z",1
"1305101401594","1305100201170",1
"1305101411895","130240048",1
"1305101411895","1304800011052",1
"1305101411895","1304800011527",1
"1305101411895","1304800011955",1
"1305101411895","1304800012046",1
"1305101411895","1304800012347",1
"1305101411895","1305101411895",1
"1305101421908","1304800010618",1
"1305101421908","1307700010272",1
"1305101461626","1305100831999",1
"1305101471630","1304800010158",1
"1305101471630","1304800011601",1
"1305101471630","1304800012667",1
"1305101471645","1305100271965",1
"1305101482107","1305100842361",2
"1305101482107","1305101482287",1
"1305101482130","1305101482272",1
"1305101482145","1305101482272",2
"130510148215A","1305101301842",1
"130510148215A","1305101482287",2
"1305101482179","1305100270721",1
"1305101482183","1304800010054",1
"1305101482183","1305101522395",2
"1305101482198","1304800010124",1
"1305101482198","1304800010745",1
"1305101482200","1305100141151",1
"1305101482200","130510577_Z",1
"1305101482215","1305100010191",1
"1305101482215","1305100270685",1
"1305101482215","1307500010051",1
"130510148222A","1305100842361",1
"130510148222A","1305100931293",2
"130510148222A","1305101411895",1
"1305101482272","1304800010783",1
"1305101482272","1304800012313",1
"1305101482272","130480001239A",16
"1305101482272","130482671_M",1
"1305101482287","1304800011423",1
"1305101482287","130510063126A",1
"1305101482287","130510148215A",1
"1305101482287","130510577_Z",2
"1305101482291","130820022_S",1
"1305101512319","130510577_Z",1
"1305101512338","130220024",1
"1305101522380","1305100010204",1
"1305101522380","1305100831931",1
"1305101522380","130510099172A",1
"1305101522395","1305101482268",1
"1305101522395","130510577_Z",1
"130510562_A","13022001A",2
"130510562_A","13030005A",1
"130510562_A","1304800010923",1
"130510562_A","1304800012347",1
"130510562_A","130480001239A",1
"130510562_A","1304800012741",1
"130510562_A","1305100291202",1
"130510562_A","1305101482130",1
"130510562_A","130620049",1
"130510562_A","130830068_G",1
"130510577_I","1305100270721",1
"130510577_I","130510577_I",1
"130510577_I","130510577_Z",3
"130510577_I","13083002A",1
"130510577_Z","130080044",1
"130510577_Z","130220024",1
"130510577_Z","130280001048A",1
"130510577_Z","1304800010162",1
"130510577_Z","1304800010177",1
"130510577_Z","1304800010228",1
"130510577_Z","1304800010389",1
"130510577_Z","1304800010603",1
"130510577_Z","1304800010618",1
"130510577_Z","1304800010779",1
"130510577_Z","1304800010980",1
"130510577_Z","1304800011090",1
"130510577_Z","1304800011122",1
"130510577_Z","1304800011298",1
"130510577_Z","1304800011423",1
"130510577_Z","1304800012192",1
"130510577_Z","1304800012328",1
"130510577_Z","1304800012366",1
"130510577_Z","130480001239A",3
"130510577_Z","1304800012455",1
"130510577_Z","1304800012741",1
"130510577_Z","1305100010191",5
"130510577_Z","1305100141147",1
"130510577_Z","1305100141151",1
"130510577_Z","1305100270666",1
"130510577_Z","1305100270670",1
"130510577_Z","1305100271965",1
"130510577_Z","1305100631240",2
"130510577_Z","1305100831984",2
"130510577_Z","1305100842361",1
"130510577_Z","1305100901274",2
"130510577_Z","130510099172A",1
"130510577_Z","130510100133A",1
"130510577_Z","1305101021363",1
"130510577_Z","1305101331522",1
"130510577_Z","1305101391560",1
"130510577_Z","1305101391575",1
"130510577_Z","1305101461626",1
"130510577_Z","1305101482164",1
"130510577_Z","1305101522380",2
"130510577_Z","1305101522395",1
"130510577_Z","130510577_I",1
"130510577_Z","130510577_Z",18
"130510577_Z","1308301330458",1
"1305200010269","1307000010036",1
"1305200010273","1305200010112",1
"1305200010273","1305200010273",1
"1305200010273","1305200010292",2
"1305200010288","1304800010618",1
"1305200010288","1305200010269",1
"1305200010288","1305200010273",1
"1305200010292","130090018",1
"1305200010292","1305200010273",2
"1305200010292","130520023",2
"130520019","1304800010919",1
"130520019","1304800012192",1
"130520019","130520019",2
"1305200190324","1304800012169",1
"1305200190324","1304800012667",1
"1305200190324","130510148222A",1
"130520023","130090018",2
"130520023","130240014",1
"130520023","13038001A",1
"130520023","130480020_V",2
"130520023","1304801582690",1
"130520023","130520023",8
"130520023","130540013",1
"130520023","130690008043A",1
"130520038","130520038",4
"1305300010088","13053004A",1
"1305300010088","130600025",1
"1305300010105","130600025",1
"13053004A","1305300010088",1
"13053004A","130600010",1
"13053004A","130600025",2
"1305400010047","130230017",1
"1305400010047","130540013",1
"130540013","1300300010103",1
"130540013","1300300010283",1
"130540013","1300300120086",1
"130540013","130030029_K",1
"130540013","130030029_P",1
"130540013","130230017",1
"130540013","130540013",12
"130540013","1305400320136",3
"130540013","130550010",1
"130540013","130550044",1
"1305400190102","1300300010141",1
"1305400190102","130030090",1
"1305400190102","1304100010157",1
"1305400190102","130540013",1
"1305400190102","1305400190102",1
"1305400190102","130540121",1
"1305400320136","1300300010368",2
"1305400320136","130540013",1
"1305400320140","13030005A",1
"130540051","1303000010223",1
"130540051","13030005A",2
"130540117","130540117",1
"130540121","130540121",2
"130550001010A","1305500010097",1
"130550001010A","130550010",1
"1305500010148","130550010",1
"130550010","1302300010040",1
"130550010","130540013",1
"130550010","130550010",2
"130550010","130550025",1
"130550010","130550044",1
"130550025","130550025",1
"130550044","13030005A",2
"130550044","1304800010213",1
"130550044","130540013",2
"130550044","130550010",1
"130550059","130030090",1
"130550059","130230017",1
"130550059","13030005A",1
"130550059","130550001010A",1
"130550059","130550010",1
"130550059","130550059",1
"1305600010037","1305600010234",1
"1305600010075","130160205",1
"1305600010075","13056015A",1
"130560001008A","130560001008A",1
"130560001008A","1307700010338",1
"1305600010107","13083002A",1
"1305600010183","1305600010215",1
"1305600010183","1307700010268",1
"1305600010183","1307700010624",1
"1305600010183","1307700010982",2
"1305600010200","130160205",1
"1305600010200","130560001008A",1
"1305600010200","130560001022A",1
"1305600010200","13057002A",1
"130560001022A","130560001008A",1
"1305600010234","1301600010116",1
"1305600010234","130160205",1
"1305600010249","130770068093A",1
"1305600050164","130570015",1
"1305600050164","130770164_X",1
"1305600050179","1307700010111",1
"1305600050179","1307700010412",1
"1305600360268","130570015",1
"1305600360268","1307700010501",1
"1305600360272","1307700010516",1
"130560145","1307700530874",1
"13056015A","1301600010116",1
"13056015A","130210012",1
"13056015A","1305600010107",1
"13056015A","1305600010200",1
"13056015A","1305600010304",1
"13056015A","13056015A",4
"13056015A","130770001022A",1
"13056015A","1307700010319",1
"13056015A","1307700010361",2
"13056015A","1307700010501",1
"13056015A","130770145",1
"13056015A","130770164_X",3
"1305700010072","1305700010119",1
"1305700010072","1307700100446",1
"1305700010087","130770183",1
"1305700010119","1305700010087",1
"1305700010119","13057002A",1
"1305700010119","1307700010588",1
"130570015","1301000010042",1
"130570015","1304800010976",1
"130570015","1305700010119",1
"130570015","130570015",2
"130570015","13057002A",1
"130570015","130770164_X",1
"13057002A","130020017",1
"13057002A","130220024",1
"13057002A","1305100901274",1
"13057002A","130570015",3
"13057002A","13057002A",6
"13057002A","130660014",1
"13057002A","130690016_I",1
"13057002A","1307700010215",1
"13057002A","130770001047A",1
"13057002A","1307700201105",1
"13057002A","130770183",1
"13057002A","13083002A",3
"130570049","130770001061A",1
"130570049","1307700010696",1
"1305800010065","130580031",1
"130580001007A","130580031",1
"130580031","1303000010204",1
"130580031","130300030",1
"130580031","130500029",1
"130580031","1305800010065",2
"130580031","130580001007A",2
"130580031","1305800010101",1
"130580031","1305800010135",1
"130580031","130580031",4
"130580031","130690016_I",1
"1305900010109","1305900010113",1
"1305900010128","130590024",1
"130590024","130590024",1
"130590043","1305900010147",1
"130590043","130590043",1
"130590043","130590077",1
"130590077","130590043",1
"130600010","13053004A",3
"130600010","130600010",2
"130600025","13053004A",1
"130600025","130600001003A",1
"130600025","130600025",1
"1306100010304","1306100010319",1
"1306100010304","1306100010573",2
"1306100010304","130610037",1
"1306100010319","130570015",1
"1306100010319","1306100010588",1
"1306100010323","1306100010304",1
"1306100010323","1306100010319",1
"1306100010357","1306100020658",1
"1306100010588","1306100010319",2
"1306100010677","13008003A",5
"1306100010677","130610037",1
"1306100020107","1302100010050",1
"1306100020107","1306100020450",1
"1306100020107","130610037",1
"1306100020126","1306100010357",1
"1306100020361","130610002047A",2
"1306100020361","1306100020516",1
"1306100020376","1306100010323",2
"1306100020412","1306100020361",1
"1306100020427","1306100010323",2
"1306100020427","1306100020501",1
"1306100020427","130610002054A",1
"1306100020427","130610037",2
"1306100020446","1306100010677",1
"1306100020450","1306100020412",1
"1306100020450","1307200010045",1
"1306100020465","1306100020484",3
"130610002047A","1306100010319",1
"130610002047A","130610037",1
"1306100020484","1304800010942",1
"1306100020484","1306100010323",1
"1306100020484","1306100010357",1
"1306100020484","1306100020427",1
"1306100020484","130610037",2
"1306100020501","1306100020535",2
"1306100020501","1306100020658",1
"1306100020516","130610002047A",1
"1306100020639","1306100020380",1
"1306100020639","130610037",1
"1306100020658","1306100020499",1
"1306100020658","1306100020662",1
"1306100020662","1306100020380",1
"1306100020662","130610037",2
"130610018","130610018",1
"130610022","13008003A",3
"130610037","1300800010063",1
"130610037","13008003A",4
"130610037","1306100010573",1
"130610037","1306100020639",1
"130610037","1306100020662",1
"130610037","130610037",4
"130610037","130770179",2
"130620049","130260019",1
"1306300010084","130100324",1
"1306300010084","130100339",1
"1306300010084","1306300010277",2
"1306300010084","130630012",2
"1306300010084","130630027",1
"1306300010084","130760044",2
"1306300010120","1306300010258",1
"1306300010120","1306300010309",1
"1306300010120","130630020053A",1
"1306300010120","1306300210648",1
"1306300010120","1306300210652",1
"1306300010258","1306300010084",1
"1306300010258","1306300010120",1
"1306300010258","1306300090506",1
"1306300010262","1306300010277",1
"1306300010262","130630012",1
"1306300010262","130630046",1
"1306300010277","1306300010633",1
"1306300010277","130630020053A",2
"1306300010281","1306300010084",1
"1306300010281","1306300200525",1
"1306300010281","130630031",1
"1306300010281","130760063",1
"1306300010309","1306300010633",1
"1306300010309","1306300210652",1
"1306300010309","130630046",1
"1306300010370","1306300010277",1
"1306300010370","130630012",1
"1306300010370","130630031",1
"1306300010385","130630027",2
"1306300010385","1307600220222",1
"1306300010629","1306300010116",1
"1306300010629","1306300010309",1
"1306300010633","1306300010277",1
"1306300010671","1306900190410",1
"1306300060544","1306300010309",1
"1306300090493","130630046",2
"1306300090510","1306300010309",1
"1306300090510","130630046",1
"1306300110154","130630027",1
"1306300110154","1307600271019",1
"1306300110154","130760063",1
"130630012","1304800012370",1
"130630012","130630001014A",1
"130630012","130630012",1
"130630012","130630027",1
"130630012","130630031",11
"130630012","130630046",4
"1306300200525","1306300200525",1
"130630020053A","1306300010277",2
"1306300210648","130630046",1
"130630027","1304800012370",1
"130630027","1306300010084",1
"130630027","1306300010116",1
"130630027","1306300010120",1
"130630027","1306300010262",1
"130630027","1306300010309",1
"130630027","1306300010385",1
"130630027","130630012",3
"130630027","130630027",10
"130630027","130630031",8
"130630027","130630046",1
"130630027","130760063",1
"130630031","130130044",2
"130630031","1306300010116",1
"130630031","1306300010258",1
"130630031","1306300010277",1
"130630031","130630012",9
"130630031","130630027",2
"130630031","130630046",1
"130630031","1307600240542",1
"130630046","1306300090493",3
"130630046","130630031",1
"13064001A","1306700100539",2
"130640024","130170024",1
"130640024","130170039",1
"130640024","130640024",1
"130640024","130670030",1
"130640024","1307400010162",1
"130640024","130760025",1
"130640024","130760026028A",1
"1306500010055","1300500010201",1
"1306500010055","130050019",1
"1306500010089","1306500010093",1
"1306500010093","130760063",1
"1306500010106","1300500010201",1
"1306500010106","130050038_V",1
"1306500010106","130650017",1
"130650017","1300500010201",2
"130650017","130050019",1
"130650017","1302300120055",1
"130650017","1306500010106",1
"130650017","130740016",1
"130650017","1307600010082",1
"1306600080118","1306900051090",1
"1306600080118","130750013_Q",1
"130660014","130570053",1
"130660014","130660014",5
"130660014","1306900420641",1
"130660014","1307500020140",1
"130660014","130750013_Q",1
"130660014","130760025",1
"130660014","130760044",1
"130660014","13083002A",1
"130660014","130830072",2
"1306700010399","130100001017A",1
"1306700010399","1306700010399",1
"1306700010399","1306700080416",2
"1306700010399","130670011_W",2
"1306700010399","130670030",1
"1306700010401","1306700010401",1
"1306700010401","1306700080416",1
"1306700010401","1306700080420",2
"1306700010401","130670009044A",1
"1306700030492","130670003051A",1
"1306700030505","130700017_G",1
"1306700050469","1306700010401",1
"1306700050469","130670009044A",1
"1306700050488","1306700050488",3
"1306700050488","130670009044A",1
"1306700060435","1306700080420",2
"1306700060435","130670009044A",1
"1306700080416","13030005A",1
"1306700080416","1306700050488",1
"1306700080420","130410015",1
"1306700080420","13041002A",1
"1306700080420","1306700010399",1
"1306700080420","1306700060435",1
"1306700080420","130670011_W",1
"130670009044A","130760011035A",1
"1306700090454","1306700010399",1
"1306700090454","1306700090454",2
"1306700090454","130700003006A",2
"1306700100539","13064001A",1
"1306700100539","1306700030505",1
"1306700100539","130670030",1
"130670011_W","130230017",1
"130670011_W","130370046",1
"130670011_W","1304100010142",1
"130670011_W","1306700010399",1
"130670011_W","1306700010401",1
"130670011_W","1306700050488",1
"130670011_W","1306700080420",1
"130670011_W","130670011_W",1
"130670011_W","130700017_G",1
"130670011_W","130740016",1
"1306700200524","1306700010399",1
"1306700200524","1306700030492",1
"130670030","130100339",1
"130670030","1301300060114",1
"130670030","130480001260A",1
"130670030","1306700030505",3
"130670030","1306700080420",1
"130670030","1306700100539",1
"130670030","130700002013A",1
"130670030","130700003006A",1
"130670030","130700017_G",1
"130670030","1307600010400",1
"130670030","1307600010824",1
"130670030","1307600110345",1
"130670030","1307600220059",1
"130670030","1307600260152",1
"130670030","130760044",2
"1306800010042","1308100010241",3
"130680019","130800028",1
"130680038","130680038",1
"130680038","130810059",2
"130690001004A","130690016_I",1
"1306900010054","130480270",1
"1306900010073","1306900010073",1
"1306900010073","130690016_I",5
"1306900010073","1306900190410",1
"1306900010073","1306900440730",1
"1306900010073","130820022_S",1
"1306900010073","130840065",1
"1306900010232","130690016_I",1
"1306900010232","130830034",1
"1306900010374","1306900051090",2
"1306900010980","1306900080213",1
"1306900020497","1307500410206",1
"130690002050A","1306900010073",1
"130690002050A","130690016_I",1
"130690002050A","1306900440800",1
"1306900020514","1306900051071",1
"1306900020923","130690050118A",1
"1306900020957","1304800010942",1
"1306900051067","130690016_I",1
"1306900051067","1306900440711",1
"1306900051067","1306900501194",1
"1306900051071","1306900051090",1
"1306900051071","1306900080213",1
"1306900051071","130690016_P",2
"1306900051071","1306900190410",1
"1306900051071","1306900501175",1
"1306900051090","1306900051090",1
"1306900051103","1306900020957",1
"1306900051118","1306900420675",1
"1306900051122","130690050118A",1
"1306900080213","1304800012421",1
"1306900080213","1306900080213",2
"1306900080213","130690016_I",1
"1306900080444","1306900080213",2
"1306900100533","1306900420567",1
"130690016_I","1304800011993",1
"130690016_I","1304800012347",1
"130690016_I","1304800012845",1
"130690016_I","130480001285A",1
"130690016_I","130480270",1
"130690016_I","1305100971325",1
"130690016_I","1306900010073",2
"130690016_I","1306900020482",1
"130690016_I","1306900020514",1
"130690016_I","1306900051118",1
"130690016_I","1306900080213",1
"130690016_I","1306900100529",4
"130690016_I","130690016_I",8
"130690016_I","1306900190410",2
"130690016_I","1306900420548",1
"130690016_I","1306900420571",1
"130690016_I","1306900440694",1
"130690016_I","1306900440711",1
"130690016_I","1306900440783",1
"130690016_I","1306900440815",2
"130690016_I","130690044082A",3
"130690016_I","130750013_Q",1
"130690016_I","130820022_S",1
"1306900190410","1305100961700",1
"1306900190410","1306900010374",2
"1306900190410","130690016_I",1
"1306900190425","130210012",1
"1306900190425","130690001029A",1
"1306900190425","130690016_I",1
"1306900190425","1306900190410",1
"1306900190425","130750013_Q",1
"1306900420567","130690016_I",1
"1306900420571","1304800012775",1
"1306900420590","130690016_S",2
"1306900420590","1306900420586",1
"1306900420622","1304800011940",1
"1306900420622","1307500410193",1
"1306900420656","1306900420675",1
"1306900420660","1306900010073",1
"1306900420675","130690044082A",2
"1306900440711","130690001029A",1
"1306900440711","1306900051067",2
"1306900440779","130690044075A",1
"1306900440779","1307600220222",1
"1306900440800","1306900080213",1
"1306900440815","130690016_I",3
"1306900440815","1306900440779",2
"130690044082A","1304800012421",1
"130690044082A","1306900420571",1
"130690044082A","130690044082A",1
"1306900440834","1306900440779",1
"1306900440887","130690002050A",1
"1306900501175","130690016_P",1
"130690050118A","130690016_I",1
"130690050118A","130690044075A",1
"1307000010021","1307400010054",1
"1307000010036","130670011_W",1
"1307000010036","1307400020088",1
"1307000010093","130660014",1
"1307000030055","1300500010201",1
"1307000030055","13041002A",1
"1307000030055","130670030",1
"1307000030055","130700017_G",2
"130700017_G","130670030",1
"130700017_G","1307000030055",1
"1307100010052","1303100010080",1
"1307100010052","130710033",1
"130710029","130710033",1
"1307200010045","1307200010079",1
"1307200010045","1307200010083",2
"1307200010079","1307200010079",1
"1307200010079","130720026",2
"1307200010083","1307200010045",1
"130720011","13008003A",4
"130720011","130610037",3
"130720026","130510577_Z",1
"130720026","130610037",2
"130720026","130660014",1
"130720026","1307200010079",1
"1307300010127","130730023",2
"1307300010131","13034003A",1
"1307300010131","1303600010053",1
"130730019","130730019",1
"130730023","1307300010127",1
"130730023","130730023",1
"130730038","130730023",1
"1307300380061","130730023",1
"130730042","130280047",1
"130730042","1302800880456",1
"130730042","1302800880460",1
"130740001011A","1307400010162",1
"130740001011A","130740016",2
"1307400010124","130130010_X",1
"1307400010124","130740001011A",1
"1307400010124","1307400010177",1
"1307400010124","1307400020088",1
"1307400010124","130760044",1
"1307400010162","130700017_G",1
"1307400010162","1307400020092",1
"1307400010162","130740016",1
"1307400010177","1301000010023",1
"1307400010177","1306300010281",1
"1307400010177","1306700010399",1
"1307400020088","13013003A",1
"1307400020088","130740001011A",2
"1307400020088","1307400010162",2
"1307400020092","1307000010036",4
"1307400030139","130650017",1
"1307400030143","1301000020080",1
"130740016","1301000010023",1
"130740016","1301000020080",1
"130740016","130100324",1
"130740016","130100339",1
"130740016","130130010_X",1
"130740016","13030005A",2
"130740016","1304100010208",1
"130740016","1306700200524",1
"130740016","130670030",2
"130740016","1307000010093",1
"130740016","1307400010054",1
"130740016","1307400010177",1
"130740016","130740016",3
"130740016","130750013_Q",1
"130740016","1307600220538",1
"130740016","130760025",3
"130740016","130760044",2
"1307500010051","130750013_Q",2
"1307500010070","130750013_Q",1
"1307500020121","130750013_Q",2
"1307500020136","130690001029A",1
"1307500020136","130750013_Q",1
"1307500020140","130660014",1
"1307500020140","130750013_Q",4
"130750013_Q","130100339",3
"130750013_Q","13013003A",4
"130750013_Q","1304800010209",1
"130750013_Q","1304800010529",1
"130750013_Q","1304800010622",1
"130750013_Q","1304800011156",1
"130750013_Q","1304800012510",1
"130750013_Q","1305101081414",1
"130750013_Q","1305101131448",1
"130750013_Q","130660014",1
"130750013_Q","1306900010073",1
"130750013_Q","130690016_I",1
"130750013_Q","1306900440887",1
"130750013_Q","1307500010051",2
"130750013_Q","1307500020140",1
"130750013_Q","130750013_Q",6
"130750013_Q","1307500410206",1
"130750013_Q","130760025",1
"130750013_Q","1308200010179",1
"130750013_Q","130820022_S",2
"1307500410206","130690002050A",1
"1307500410206","1306900080213",1
"1307600010082","130100324",2
"1307600010082","130740016",1
"1307600010082","1307600080701",1
"1307600010082","1307600080932",1
"1307600010082","1307600260129",1
"1307600010082","130760044",1
"1307600010114","130760044",1
"1307600010237","130760001042A",1
"1307600010237","130760025",1
"1307600010237","130760044",1
"1307600010379","1307600010400",1
"1307600010379","1307600080684",1
"1307600010379","130760010",1
"1307600010398","130130044",1
"1307600010400","130130010_C",1
"1307600010400","1306300010084",1
"1307600010400","130670011_W",1
"1307600010400","130670030",1
"1307600010400","130760001081A",1
"1307600010400","1307600010824",1
"1307600010400","1307600220222",1
"1307600010400","1307600220538",1
"1307600010400","130760044",1
"130760001042A","1307600010114",1
"130760001042A","1307600010398",1
"130760001042A","130760001042A",1
"130760001042A","1307600010449",1
"130760001042A","1307600080453",1
"130760001042A","1307600080947",1
"130760001042A","130760010",1
"130760001042A","1307600220059",1
"1307600010434","1307600220059",1
"1307600010434","130760044",1
"1307600010449","130760008067A",1
"1307600010650","130760044",2
"1307600010665","1307600010400",1
"1307600010665","130760044",1
"1307600010754","1307600010114",1
"130760001081A","1307600080684",1
"130760001081A","1307600220222",1
"1307600010824","1307600080966",1
"1307600010824","1307600220523",1
"1307600010824","130760063",1
"130760006003A","1307600240364",1
"130760006003A","130760063",1
"1307600080453","1307600080932",1
"1307600080468","130760008067A",2
"1307600080468","130760025",1
"130760008067A","1307600010824",1
"130760008067A","1307600080468",1
"130760008067A","1307600080966",1
"1307600080684","1307600010398",1
"1307600080684","1307600080947",1
"1307600080684","1307600220222",1
"1307600080701","130130044",1
"1307600080701","130760001081A",1
"1307600080701","130760063",1
"1307600080947","1307600010824",1
"1307600080947","1307600220222",1
"1307600080947","130760063",1
"1307600080966","130100324",1
"1307600080966","1307600080932",1
"1307600080966","130760025",1
"1307600081061","1307600010082",1
"130760010","130100339",1
"130760010","1307600010400",1
"130760010","130760010",5
"130760010","1307600220059",1
"130760010","1307600240542",1
"130760010","130760025",1
"130760010","130760044",1
"130760011035A","130740016",1
"130760011035A","1307600080701",2
"1307600220059","130100339",3
"1307600220059","130300026",1
"1307600220059","130670030",1
"1307600220059","1307600010400",1
"1307600220059","1307600080701",1
"1307600220059","130760010",1
"1307600220059","1307600220059",1
"1307600220059","1307600220222",1
"1307600220059","130760044",9
"1307600220059","130760063",3
"1307600220222","13064001A",1
"1307600220222","130760001042A",1
"1307600220222","1307600080453",1
"1307600220222","130760063",2
"1307600220523","1301300010133",1
"1307600220523","1304800012347",1
"1307600220523","1307600010824",1
"1307600220538","1307600240364",2
"1307600220595","1307600240078",1
"1307600220646","130760063",1
"1307600220788","1307600220059",1
"1307600220877","1307600010398",1
"1307600220877","130760063",1
"1307600240078","1307600240542",1
"1307600240078","1307600240913",2
"1307600240078","1307600271004",1
"1307600240078","1307600271019",1
"1307600240364","1307600220538",1
"1307600240364","1307600220646",1
"1307600240364","130760063",1
"1307600240542","1307600240078",1
"130760025","130100324",3
"130760025","130100339",2
"130760025","1301300060114",1
"130760025","13013003A",3
"130760025","130130044",1
"130760025","130210012",1
"130760025","1305000010052",1
"130760025","130660014",1
"130760025","1306700050488",1
"130760025","130670030",1
"130760025","1307400020092",1
"130760025","130740016",2
"130760025","130750013_Q",1
"130760025","1307600010383",1
"130760025","1307600080453",1
"130760025","130760025",8
"130760025","130760063",2
"130760025","1308301330477",1
"1307600260129","130130044",1
"1307600271004","130760063",1
"1307600271019","130760063",1
"130760044","130100001017A",1
"130760044","130100339",4
"130760044","1301300060129",1
"130760044","13013003A",2
"130760044","1302100010065",1
"130760044","1306300010084",1
"130760044","130630031",1
"130760044","130650017",1
"130760044","1307000010021",1
"130760044","130740016",1
"130760044","130750013_Q",1
"130760044","1307600010114",1
"130760044","1307600010400",1
"130760044","1307600010449",1
"130760044","1307600010650",2
"130760044","1307600080453",1
"130760044","1307600080684",1
"130760044","130760010",1
"130760044","1307600220222",1
"130760044","130760025",7
"130760044","130760044",24
"130760044","1307700010111",1
"130760044","130840065",1
"130760063","130100324",1
"130760063","130100339",1
"130760063","1301300060114",2
"130760063","13030005A",1
"130760063","130740016",1
"130760063","1307600080684",1
"130760063","1307600080701",2
"130760063","1307600220059",2
"130760063","1307600220222",2
"130760063","1307600220538",1
"130760063","1307600240881",1
"130760063","130760044",2
"130760063","130760063",2
"1307700010018","1305100010204",1
"1307700010018","1307700010465",1
"1307700010018","1307700010484",1
"1307700010018","1307700010573",1
"1307700010022","1307700010573",1
"1307700010022","1307700010677",1
"1307700010022","1307700010696",1
"1307700010037","130020017",2
"1307700010037","1307700010412",1
"1307700010037","130770001054A",1
"1307700010037","1307700010588",1
"1307700010037","1307700010677",1
"1307700010037","1307700010681",1
"1307700010060","1305600050179",1
"1307700010060","130770001054A",1
"1307700010075","130160205",1
"1307700010075","1307700010465",1
"1307700010075","1307700010840",1
"1307700010075","130770179",1
"130770001008A","130160205",1
"130770001008A","1305600010234",1
"130770001008A","1305600050179",1
"130770001008A","1307700010287",1
"130770001008A","1307700010380",1
"130770001008A","1307700010465",1
"130770001008A","1307700010535",1
"1307700010111","1305600360272",1
"1307700010111","13056015A",1
"1307700010111","130610037",1
"1307700010111","1307700010215",2
"1307700010111","1307700010342",1
"1307700010111","1307700010573",2
"1307700010111","1307700010592",1
"1307700010111","1307700100802",9
"1307700010111","130770164_X",3
"1307700010111","130770179",2
"1307700010130","1305600010075",1
"1307700010215","13008003A",4
"1307700010215","130610037",2
"1307700010215","1307700010111",2
"1307700010215","1307700010573",1
"1307700010215","1307700010681",1
"1307700010215","130770164_X",6
"1307700010215","130770179",1
"130770001022A","1307700030408",1
"1307700010268","1305600010234",1
"1307700010268","1307700010022",1
"1307700010268","1307700010287",1
"1307700010268","130770001054A",1
"1307700010272","1307700010215",1
"1307700010272","1307700010573",1
"1307700010272","130770001061A",1
"1307700010287","1307700010484",1
"1307700010319","1305600050164",1
"1307700010319","1307700010681",1
"1307700010319","130770164_X",1
"1307700010323","130770164_X",1
"1307700010338","1304800011438",1
"1307700010338","130560145",1
"1307700010338","13056015A",1
"1307700010380","1307700010499",1
"1307700010380","13083002A",1
"1307700010412","1307700010412",1
"1307700010412","1307700010520",1
"1307700010412","130770001054A",2
"1307700010412","1307700010662",1
"1307700010412","1307700680944",1
"1307700010412","130770145",1
"1307700010412","130770179",1
"1307700010465","1307700010018",1
"130770001047A","1307700010499",1
"130770001047A","130770001061A",1
"130770001047A","130770164_X",1
"1307700010484","1307700010215",1
"1307700010484","1307700010677",1
"1307700010499","130010024",1
"1307700010499","130510562_A",1
"1307700010499","1307700010319",1
"1307700010499","1307700010713",1
"1307700010501","1301600010050",1
"1307700010501","1305600360268",1
"1307700010501","1307700010111",1
"1307700010501","1307700010588",1
"1307700010501","1307700010709",1
"1307700010501","1307700530770",1
"1307700010516","1305600010291",1
"1307700010516","1307700010342",1
"1307700010516","1307700010709",1
"1307700010520","1305600010200",1
"1307700010535","13008003A",1
"1307700010535","1305600360272",1
"1307700010535","130770164_X",1
"130770001054A","1307700010588",2
"130770001054A","1307700010751",1
"130770001054A","1307700010910",1
"130770001054A","1307700100446",1
"130770001054A","1307700201092",1
"130770001054A","130770164_X",1
"1307700010573","13008003A",1
"1307700010573","130610022",1
"1307700010573","130770001054A",1
"1307700010573","1307700010573",1
"1307700010573","1307700010662",1
"1307700010573","1307700100802",5
"1307700010573","130770145",2
"1307700010573","130770164_X",1
"1307700010573","130770179",4
"1307700010588","1304800010213",2
"1307700010588","130560001008A",1
"1307700010588","13057002A",1
"1307700010588","1307700010037",1
"1307700010588","130770001061A",1
"1307700010588","1307700010817",1
"1307700010588","13083002A",1
"1307700010592","1307700010287",1
"1307700010592","130770001054A",1
"1307700010592","1307700010997",1
"1307700010605","1301600010120",1
"1307700010605","1301600010309",1
"1307700010605","1307700010075",1
"1307700010605","1307700010287",1
"1307700010605","1307700010573",1
"1307700010605","1307700010588",1
"1307700010605","1307700011177",1
"1307700010605","1307700030408",1
"130770001061A","1305101482272",1
"130770001061A","1307700010624",1
"130770001061A","1307700010696",1
"130770001061A","130770164_X",1
"1307700010624","1307700010342",1
"1307700010658","1307700010075",1
"1307700010662","1307700010982",1
"1307700010677","1305100270721",1
"1307700010677","130770001008A",1
"1307700010677","130770001047A",1
"1307700010677","1307700010624",1
"1307700010677","1307700010662",1
"1307700010681","13057002A",1
"1307700010681","1307700010111",1
"1307700010681","1307700010484",1
"1307700010681","1307700010499",1
"1307700010681","130770164_X",1
"1307700010696","130160205",1
"1307700010696","130600010",1
"1307700010696","1307700010268",1
"1307700010696","1307700010287",1
"1307700010696","1307700010696",1
"1307700010696","1307700530874",1
"1307700010696","130770164_X",1
"1307700010709","1301600010065",1
"1307700010709","1307700010501",1
"1307700010709","1307700010573",1
"1307700010713","1304800010251",1
"1307700010713","1304800010961",1
"1307700010713","1307700010060",1
"1307700010713","1307700010484",1
"1307700010713","1307700010605",1
"1307700010889","1301600010120",1
"1307700010978","130770001008A",1
"1307700010997","1301600010099",1
"1307700011177","13083002A",2
"1307700011181","1307700011001",1
"1307700030408","1305100010204",1
"1307700030408","13056015A",1
"1307700030408","1307700010501",2
"1307700030408","1307700010588",2
"1307700100431","130770001047A",1
"1307700100431","1307700010573",1
"1307700100431","130770164_X",1
"1307700100431","130830034",1
"1307700100446","130010039",1
"1307700100446","1305700010072",1
"1307700100446","130770108111A",1
"1307700100446","130770164_X",1
"1307700100802","13008003A",1
"1307700100802","1307700010111",1
"1307700100802","1307700010215",1
"1307700100802","1307700010573",2
"1307700180554","13057002A",1
"1307700180554","1307700201088",1
"1307700180554","130770145",1
"1307700180569","130770145",1
"1307700180728","130770183",1
"1307700201088","1305700010119",1
"1307700201088","1307700010022",1
"1307700201088","1307700180554",1
"1307700201088","130770164_X",1
"1307700201092","130770145",1
"1307700201105","130570015",1
"1307700530770","13057002A",1
"1307700530770","1307700031209",1
"1307700530770","13083002A",1
"1307700530785","130830034",1
"1307700530874","130010024",1
"1307700530874","13056015A",1
"1307700530874","130770164_X",1
"1307700680925","130770145",1
"1307700680944","1307700010696",1
"1307700680944","1307700681073",1
"130770108111A","1305100971325",1
"130770108111A","1307700010272",1
"130770145","130020017",1
"130770145","13057002A",3
"130770145","130570049",2
"130770145","1307700010484",1
"130770145","1307700010588",2
"130770145","1307700010959",1
"130770145","1307700180554",1
"130770145","1307700180569",1
"130770145","1307700201092",2
"130770145","130770068093A",2
"130770145","130770145",3
"130770145","13083002A",1
"130770164_X","130020017",2
"130770164_X","1304800012544",1
"130770164_X","1305100951698",1
"130770164_X","1305600010037",3
"130770164_X","1305600050164",1
"130770164_X","13057002A",3
"130770164_X","130570053",1
"130770164_X","1307700010018",1
"130770164_X","130770001008A",2
"130770164_X","1307700010111",3
"130770164_X","1307700010215",5
"130770164_X","1307700010412",2
"130770164_X","1307700010501",2
"130770164_X","1307700010978",1
"130770164_X","1307700031209",1
"130770164_X","1307700100431",3
"130770164_X","1307700100446",3
"130770164_X","1307700100802",2
"130770164_X","1307700530785",1
"130770164_X","1307700530874",1
"130770164_X","130770145",1
"130770164_X","130770164_X",9
"130770164_X","13083002A",1
"130770164_X","130830034",4
"130770179","1307700010018",2
"130770179","1307700010037",2
"130770179","1307700010111",1
"130770179","130770001054A",1
"130770179","1307700010573",1
"130770179","1307700100802",1
"130770179","130770145",3
"130770179","130770179",3
"130770183","130020040",2
"130770183","13057002A",1
"130770183","13083002A",1
"130790046","13034003A",1
"130790046","1306800010042",1
"130790050","130420012",1
"130790050","130420027",2
"1308000170047","130800013",1
"130800028","13011004A",1
"1308100010148","1308100010171",1
"1308100010148","1308100010190",1
"1308100010167","1304800012347",1
"1308100010167","130810010",1
"1308100010171","13036002A",1
"1308100010186","130240048",1
"1308100010190","1308100010167",1
"1308100010237","130080025",1
"1308100010241","1306800010042",1
"1308100010260","1304800010995",1
"1308100010260","130790050",1
"1308100010275","1303600010068",1
"1308100010275","130810001010A",1
"130810010","130130010_X",2
"130810010","130420001007A",1
"130810010","1306100020639",1
"130810010","1308100010167",1
"130810010","1308100010171",1
"130810010","130810010",2
"130810059","130360015",2
"130810059","1305100931306",1
"130810059","130680038",2
"130810059","1308100010237",1
"130810059","130810059",6
"1308200010179","1307500010070",1
"1308200010179","130750013_Q",1
"1308200010183","1308200030304",1
"1308200010287","1305100631255",1
"1308200010287","1308200030338",2
"1308200020056","1308200020215",1
"1308200020056","130820018",1
"1308200020126","130820022_S",1
"1308200020198","130830068_M",1
"1308200020200","1304800010764",1
"1308200020200","130480020_V",1
"1308200020268","1306900190410",1
"1308200030304","1306900051090",1
"1308200030319","1308200010183",1
"1308200030319","1308200010287",1
"1308200030319","1308200030304",1
"1308200030323","1308200020200",1
"1308200030323","130820022_S",2
"1308200030338","1308200030319",1
"1308200030338","130820022_S",1
"130820018","130820022_S",1
"130820022_S","130210012",1
"130820022_S","1304800010779",1
"130820022_S","1304800012366",1
"130820022_S","1304800012845",1
"130820022_S","130480001285A",2
"130820022_S","1304800013010",1
"130820022_S","1305100291202",1
"130820022_S","1305101301842",1
"130820022_S","130520023",1
"130820022_S","1306900051071",1
"130820022_S","1308200010179",1
"130820022_S","1308200020056",1
"130820022_S","1308200020126",2
"130820022_S","1308200020215",1
"130820022_S","1308200020268",1
"130820022_S","1308200030319",1
"130820022_S","130820022_S",2
"130820022_S","1308301330405",1
"1308300010157","1300300010156",1
"1308300010180","130770179",2
"1308300010180","130830072",1
"1308300010250","1308300010180",1
"1308300260299","13083002A",1
"13083002A","1304800011118",1
"13083002A","130510063126A",1
"13083002A","1305101081414",1
"13083002A","13057002A",1
"13083002A","1307700010075",1
"13083002A","130770164_X",1
"13083002A","1308300010180",1
"13083002A","1308300260299",1
"13083002A","13083002A",3
"13083002A","130830034",1
"13083002A","130830072",1
"130830034","13056015A",3
"130830034","13057002A",2
"130830034","1307700680925",1
"130830034","130770179",1
"130830034","130830034",2
"130830068_G","1304800010228",1
"130830068_G","1304800011156",1
"130830068_G","1304800011423",1
"130830068_G","1304800012120",1
"130830068_G","1304800012402",1
"130830068_G","130480016",1
"130830068_G","130830068_G",1
"130830068_G","130830072",1
"130830068_G","1308301020513",4
"130830068_G","1308301330320",1
"130830068_M","130480001036A",1
"130830068_M","1304800010529",1
"130830068_M","1304800011527",1
"130830068_M","1308301330481",2
"130830072","1305101512342",1
"130830072","130660014",1
"130830072","1308300010195",1
"1308301020161","1304800012845",1
"1308301020161","130510027069A",1
"1308301020161","1308301330405",1
"1308301020176","1305100842357",1
"1308301020509","1304800012050",1
"1308301020509","1304800012173",1
"1308301020509","1305100901274",1
"1308301020509","130830068_G",1
"1308301020513","1304800010622",1
"1308301020513","1304800011508",1
"1308301020513","1304800011527",1
"1308301020513","130830068_M",1
"1308301330320","1305100961700",1
"1308301330320","130510099172A",1
"1308301330335","1304800010783",1
"1308301330335","1304800012351",1
"130830133034A","1304800012169",1
"1308301330369","1304800010976",1
"1308301330369","1308301330439",1
"1308301330405","130820022_S",2
"1308301330424","1304800012417",1
"1308301330443","130830068_G",1
"1308301330443","1308301330458",1
"1308301330477","1300800010059",1
"1308301330477","1304800012169",1
"1308301330496","130820022_S",2
"1308400010099","130840065",2
"1308400010173","1308400010173",1
"1308400010173","1308400010188",1
"1308400010192","1308400010173",1
"1308400010192","1308400010224",1
"1308400010192","130840065",1
"1308400010192","130840084",2
"1308400010205","130840065",1
"130840001021A","130840065",1
"130840001021A","130840116",1
"1308400010281","130840065",1
"130840012","130840046",1
"130840046","130430043",1
"130840050","1308400010205",1
"130840065","13008003A",1
"130840065","130230017",2
"130840065","130240048",4
"130840065","1304100010208",1
"130840065","130630031",1
"130840065","1306900010073",2
"130840065","1308400010099",1
"130840065","1308400010173",1
"130840065","1308400010192",1
"130840065","1308400010205",2
"130840065","1308400010224",1
"130840065","130840065",7
"130840065","130840084",2
"130840065","130840101",2
"130840084","1308400010205",1
"130840084","130840101",2
"130840101","1308400010192",1
"130840101","130840065",2
"130840101","130840101",4
"130840116","130580031",1
