"","hogares","conteo","POB1"
"1","1300100010043",1,439
"2","13001001A",3,4851
"3","130010024",21,8697
"4","130010039",18,8281
"5","1300200010125",5,1753
"6","130020001013A",2,2108
"7","130020001020A",1,47
"8","1300200130163",1,1150
"9","1300200130248",2,940
"10","1300200160106",15,2090
"11","1300200160182",5,783
"12","130020017",56,21334
"13","130020040",110,7663
"14","1300300010103",6,434
"15","1300300010118",11,1102
"16","1300300010141",16,3205
"17","1300300010156",59,1351
"18","1300300010160",38,4246
"19","1300300010175",89,2650
"20","130030001018A",44,1386
"21","1300300010211",66,1540
"22","1300300010226",41,1301
"23","130030001025A",4,674
"24","1300300010264",3,829
"25","1300300010279",19,2223
"26","1300300010283",43,1740
"27","1300300010300",2,44
"28","1300300010315",3,235
"29","130030001032A",2,165
"30","1300300010334",1,3
"31","1300300010349",60,2260
"32","1300300010353",21,1627
"33","1300300010368",38,3323
"34","1300300010372",19,1469
"35","1300300050391",9,1925
"36","1300300050404",14,1109
"37","1300300100230",9,1347
"38","1300300100245",8,2137
"39","1300300120086",35,2754
"40","1300300140387",1,3131
"41","130030029_D",2,53
"42","130030029_K",49,5180
"43","130030029_P",3,555
"44","130030033",31,4903
"45","130030090",90,4900
"46","130040001005A",2,912
"47","1300400010064",2,576
"48","1300400010079",1,440
"49","130040011",3,3238
"50","130040026",6,4750
"51","130050001017A",2,114
"52","1300500010184",2,486
"53","1300500010199",14,2873
"54","1300500010201",29,1708
"55","1300500010220",3,1212
"56","130050005024A",20,2813
"57","1300500060076",8,861
"58","1300500060381",5,476
"59","1300500060396",1,472
"60","130050019",5,269
"61","130050038_V",19,2970
"62","130050057",4,9
"63","130050061",2,379
"64","1300600010069",1,78
"65","1300600010073",1,827
"66","1300600010088",2,889
"67","130060016",4,2609
"68","130060020",5,8160
"69","13006004A",2,6194
"70","1300700010085",3,1363
"71","130070001009A",3,3309
"72","130070013",4,1694
"73","130070028",10,3174
"74","130070047",2,2060
"75","1300800010059",10,2568
"76","1300800010063",15,3768
"77","1300800010097",4,4012
"78","1300800010114",1,1849
"79","1300800010152",17,2786
"80","1300800010167",1,1608
"81","1300800010171",13,2469
"82","1300800010186",4,1771
"83","1300800010241",1,211
"84","130080001028A",17,1941
"85","1300800010294",5,2340
"86","1300800050129",6,1578
"87","1300800050133",2,1116
"88","1300800110148",1,1090
"89","130080025",27,3510
"90","13008003A",47,4609
"91","130080044",6,3422
"92","1300900010060",3,349
"93","1300900010126",11,981
"94","1300900010130",30,791
"95","1300900010145",43,352
"96","130090001015A",4,1105
"97","1300900050107",22,1551
"98","1300900050111",21,1121
"99","130090018",183,13586
"100","1301000010023",23,2517
"101","1301000010042",9,4163
"102","130100001017A",4,142
"103","1301000020080",6,3778
"104","1301000020095",2,2867
"105","1301000020184",2,622
"106","1301000020254",1,653
"107","1301000020362",1,988
"108","1301000060273",2,3384
"109","1301000070038",21,2797
"110","1301000080288",2,1104
"111","1301000080292",4,1226
"112","1301000080305",1,1263
"113","130100324",14,2256
"114","130100339",53,166
"115","1301200010085",17,1464
"116","1301200010117",33,2939
"117","1301200010121",9,1136
"118","1301200010136",67,1499
"119","1301200010140",15,1214
"120","130120013",38,6355
"121","130120032",28,4423
"122","130120066",118,9801
"123","1301300010078",2,1455
"124","1301300010082",4,1516
"125","1301300010133",9,3253
"126","1301300010148",3,2598
"127","1301300060114",4,2154
"128","1301300060129",6,2248
"129","1301300060241",1,246
"130","130130010_X",22,4967
"131","1301300100222",9,1917
"132","1301300100237",4,1266
"133","1301300130203",7,1505
"134","1301300130256",1,1325
"135","1301300130260",4,1421
"136","13013003A",29,2699
"137","130130044",5,7180
"138","1301400010075",1,756
"139","130140001008A",1,558
"140","1301400010094",3,1033
"141","1301400010107",1,838
"142","1301400010111",3,235
"143","130140018",8,4781
"144","130140037",6,4704
"145","1301500010087",3,755
"146","130150015",4,6688
"147","13015002A",1,2870
"148","130150049",27,1246
"149","130150053",2,4903
"150","130150068",1,388
"151","1301600010050",29,4328
"152","1301600010065",10,2278
"153","1301600010084",10,1415
"154","1301600010099",4,1245
"155","1301600010101",7,1384
"156","1301600010116",2,1941
"157","1301600010120",7,3168
"158","1301600010188",1,318
"159","1301600010192",3,277
"160","1301600010309",7,1330
"161","1301600010313",1,2060
"162","1301600010347",8,786
"163","1301600210281",2,1535
"164","1301600210296",2,1539
"165","130160027",1,5715
"166","1301600290277",1,1486
"167","130160031",3,3129
"168","1301600390328",2,1789
"169","1301600390332",5,1221
"170","130160205",35,18901
"171","13016021A",2,326
"172","130170024",2,4993
"173","130170039",2,5693
"174","1301800010055",1,1758
"175","130180001006A",5,2197
"176","130180017",3,7210
"177","130180021",4,9501
"178","1301900010033",1,626
"179","130190014",9,11539
"180","1301900150086",2,1491
"181","130190029",9,3596
"182","1302000010068",1,247
"183","1302000010072",1,202
"184","13020002A",1,699
"185","130200034",5,1146
"186","1302100010050",12,379
"187","1302100010065",14,2119
"188","130210001007A",5,1922
"189","1302100010101",6,1872
"190","1302100010116",10,1626
"191","130210012",119,5562
"192","130210031",10,29
"193","1302200010058",59,1324
"194","1302200010062",32,950
"195","1302200010077",58,940
"196","13022001A",721,5967
"197","130220024",667,7008
"198","1302300010036",31,4483
"199","1302300010040",24,2763
"200","130230001006A",4,1319
"201","1302300010074",4,1237
"202","1302300010089",2,1533
"203","1302300120055",33,3811
"204","1302300140093",3,1587
"205","1302300140106",2,252
"206","1302300140110",14,2373
"207","1302300140125",11,1803
"208","130230017",85,15057
"209","1302400010052",51,249
"210","130240014",161,6413
"211","130240029",5,1093
"212","130240033",5,2501
"213","130240048",151,7183
"214","13025005A",12,4713
"215","1302600010023",1,770
"216","1302700010105",1,1781
"217","130270035",6,5693
"218","13027004A",1,5031
"219","1302800010136",2,925
"220","1302800010189",1,1672
"221","1302800010193",1,1955
"222","1302800010206",2,1525
"223","1302800010210",1,2700
"224","1302800010244",2,2230
"225","1302800010259",1,1772
"226","1302800010314",1,3478
"227","1302800010494",3,2092
"228","130280001055A",1,1199
"229","1302800230348",1,1034
"230","130280047",5,29424
"231","130280051",2,23426
"232","1302800880460",1,1589
"233","130290001010A",3,2975
"234","1302900010114",3,4431
"235","1302900010256",6,1174
"236","1302900010260",3,1273
"237","130290010",8,4052
"238","1302900240237",1,732
"239","13029003A",8,8294
"240","130290044",8,6523
"241","130290063",5,4851
"242","130290078",5,6813
"243","1303000010083",10,2247
"244","1303000010134",5,1765
"245","1303000010187",4,1280
"246","1303000010204",39,1738
"247","1303000010219",6,2362
"248","1303000010223",18,3451
"249","1303000010238",13,2930
"250","1303000010242",15,3521
"251","1303000010280",1,582
"252","1303000010327",25,3861
"253","1303000010331",3,1706
"254","1303000010346",3,2287
"255","1303000010350",4,1984
"256","1303000010365",7,1116
"257","130300001037A",18,1625
"258","1303000010384",4,1365
"259","1303000010399",1,1674
"260","130300011",1,4809
"261","130300026",19,15613
"262","130300030",17,12012
"263","1303000350435",1,1036
"264","130300035044A",7,1125
"265","130300045",19,4514
"266","1303000480401",28,1140
"267","1303000480416",2,1128
"268","1303000480420",5,1114
"269","13030005A",111,16974
"270","1303100010076",8,2118
"271","1303100010080",4,1717
"272","1303100010127",1,290
"273","130310023",12,463
"274","130310042",2,3238
"275","130310057",1,1208
"276","130310061",2,1803
"277","130320016",1,4604
"278","1303400010044",3,590
"279","130340010",1,3583
"280","130340025",1,2293
"281","13034003A",7,3008
"282","1303500010037",11,2199
"283","130350018",18,5580
"284","130350022",8,5239
"285","1303600010053",9,693
"286","1303600010068",6,1095
"287","130360015",6,3542
"288","13036002A",20,3100
"289","130360034",3,1019
"290","1303700010154",5,1496
"291","1303700010169",1,17
"292","1303700010188",7,1129
"293","1303700010192",9,632
"294","130370012",3,1599
"295","130370027",17,2591
"296","130370031",5,1589
"297","130370046",1,713
"298","130370050",30,1923
"299","13037007A",11,4323
"300","130370099",2,835
"301","130370101",10,1762
"302","130370116",11,697
"303","1303800010039",42,483
"304","1303800010043",2,31
"305","1303800010058",3,19
"306","13038001A",216,6080
"307","130380024",15,2265
"308","1303900010055",31,810
"309","130390001006A",106,225
"310","1303900010074",282,2698
"311","1303900010089",255,1677
"312","1303900010093",194,1071
"313","1303900010106",301,916
"314","1303900010110",347,1630
"315","1303900010125",79,963
"316","130390001013A",167,1159
"317","130390017",340,3175
"318","130400022",4,5255
"319","130400037",1,1962
"320","1304100010072",36,2454
"321","1304100010087",1,1812
"322","1304100010091",19,874
"323","1304100010104",4,1059
"324","1304100010138",2,2896
"325","1304100010142",24,4083
"326","1304100010157",6,2437
"327","1304100010161",4,3159
"328","1304100010176",7,2516
"329","1304100010180",6,2604
"330","1304100010195",10,1301
"331","1304100010208",36,2474
"332","1304100100231",1,3185
"333","130410015",19,7776
"334","13041002A",33,6954
"335","130410119",1,1594
"336","130420001007A",1,1564
"337","1304200010084",5,1294
"338","1304200010101",3,801
"339","130420012",3,4444
"340","130420027",7,2139
"341","130430043",23,2675
"342","130440017",1,5691
"343","130440021",8,4349
"344","130440036",1,5753
"345","1304500010033",11,643
"346","1304500010048",11,331
"347","1304500010052",2,76
"348","130450014",141,6068
"349","130450029",4,2177
"350","1304600010327",3,1388
"351","1304600270242",1,1231
"352","1304700010076",1,215
"353","130470019",1,598
"354","130470023",1,1773
"355","130470038",1,1437
"356","130480001004A",523,2436
"357","1304800010054",391,2672
"358","1304800010069",364,2930
"359","1304800010105",789,2393
"360","130480001011A",400,1505
"361","1304800010124",855,1590
"362","1304800010139",1934,1126
"363","1304800010143",1245,2133
"364","1304800010158",500,2976
"365","1304800010162",1144,5201
"366","1304800010177",1260,3057
"367","1304800010196",810,1478
"368","1304800010209",796,1342
"369","1304800010213",2639,1246
"370","1304800010228",628,2357
"371","1304800010247",380,1028
"372","1304800010251",1205,2539
"373","1304800010285",443,2414
"374","1304800010355",1052,1754
"375","130480001036A",697,1981
"376","1304800010389",2520,3359
"377","1304800010406",875,3179
"378","1304800010425",1385,1692
"379","1304800010444",229,1547
"380","1304800010478",990,4944
"381","1304800010529",2118,1715
"382","1304800010548",1022,212
"383","1304800010586",923,1994
"384","1304800010590",232,2817
"385","1304800010603",310,2104
"386","1304800010618",311,3256
"387","1304800010622",765,2299
"388","1304800010694",29,696
"389","1304800010745",427,2802
"390","130480001075A",213,0
"391","1304800010764",1462,2894
"392","1304800010779",1253,780
"393","1304800010783",554,2771
"394","1304800010815",356,1816
"395","130480001082A",134,2284
"396","1304800010834",255,1391
"397","1304800010849",101,1086
"398","1304800010853",112,2153
"399","1304800010868",273,1790
"400","1304800010872",160,1063
"401","1304800010891",183,1984
"402","1304800010904",96,1692
"403","1304800010919",1518,3373
"404","1304800010923",898,2762
"405","1304800010938",612,1409
"406","1304800010942",388,2915
"407","1304800010957",210,1188
"408","1304800010961",574,2106
"409","1304800010976",1771,1586
"410","1304800010980",900,2786
"411","1304800010995",772,4035
"412","130480001100A",421,3054
"413","1304800011014",14,NA
"414","1304800011048",547,2441
"415","1304800011052",759,4039
"416","1304800011067",282,1860
"417","1304800011071",201,1421
"418","1304800011090",316,2255
"419","1304800011118",438,2722
"420","1304800011122",345,3004
"421","1304800011137",386,2456
"422","1304800011156",405,2863
"423","130480001118A",124,1531
"424","1304800011194",86,1811
"425","1304800011207",65,NA
"426","1304800011226",2,NA
"427","1304800011245",281,2499
"428","1304800011264",110,1495
"429","1304800011279",4,83
"430","1304800011283",5,159
"431","1304800011298",234,1280
"432","1304800011300",185,916
"433","1304800011315",18,239
"434","1304800011349",47,353
"435","1304800011353",21,114
"436","1304800011372",209,1113
"437","1304800011387",259,1560
"438","1304800011391",100,1387
"439","1304800011404",368,1068
"440","1304800011419",266,2768
"441","1304800011423",587,515
"442","1304800011438",180,1837
"443","1304800011442",81,559
"444","1304800011457",51,449
"445","1304800011476",82,461
"446","1304800011480",1,118
"447","1304800011508",352,2353
"448","1304800011512",217,904
"449","1304800011527",486,2517
"450","1304800011531",496,2993
"451","1304800011546",627,1976
"452","1304800011550",2111,638
"453","1304800011565",266,2041
"454","1304800011599",692,2532
"455","1304800011601",181,1928
"456","1304800011847",359,0
"457","1304800011917",22,449
"458","1304800011921",78,437
"459","1304800011936",474,1825
"460","1304800011940",686,2475
"461","1304800011955",251,1279
"462","130480001196A",673,1995
"463","1304800011974",171,1233
"464","1304800011989",261,1956
"465","1304800011993",305,1938
"466","1304800012008",655,1772
"467","1304800012031",66,696
"468","1304800012046",68,979
"469","1304800012050",49,651
"470","1304800012101",267,2081
"471","1304800012116",126,1123
"472","1304800012120",464,3710
"473","1304800012135",297,2131
"474","130480001214A",392,1995
"475","1304800012154",264,1794
"476","1304800012169",212,2500
"477","1304800012173",269,1656
"478","1304800012188",371,1967
"479","1304800012192",593,3757
"480","1304800012239",13,202
"481","1304800012243",32,171
"482","1304800012258",11,85
"483","1304800012262",126,1186
"484","1304800012313",65,106
"485","1304800012328",845,1129
"486","1304800012332",133,1139
"487","1304800012347",3739,2074
"488","1304800012351",623,1784
"489","1304800012366",629,2208
"490","1304800012370",339,1250
"491","1304800012385",221,1562
"492","130480001239A",305,1140
"493","1304800012402",678,1254
"494","1304800012417",2129,652
"495","1304800012421",326,938
"496","1304800012436",13,453
"497","1304800012440",90,1104
"498","1304800012455",52,490
"499","130480001246A",12,196
"500","1304800012474",129,1495
"501","1304800012489",27,349
"502","1304800012493",240,2042
"503","1304800012506",155,1384
"504","1304800012510",157,1168
"505","1304800012525",63,918
"506","130480001253A",79,1481
"507","1304800012544",238,1398
"508","1304800012559",84,522
"509","1304800012563",188,1783
"510","1304800012578",38,742
"511","1304800012582",63,1366
"512","130480001260A",94,564
"513","1304800012614",167,250
"514","1304800012629",100,774
"515","1304800012633",31,1026
"516","1304800012648",205,3219
"517","1304800012652",123,3547
"518","1304800012667",150,2918
"519","1304800012722",296,101
"520","1304800012737",30,764
"521","1304800012741",396,1139
"522","1304800012756",56,300
"523","1304800012760",127,793
"524","1304800012775",148,916
"525","130480001278A",26,230
"526","1304800012794",4,15
"527","1304800012807",34,454
"528","1304800012811",16,680
"529","1304800012826",23,142
"530","1304800012830",13,479
"531","1304800012845",443,2715
"532","130480001285A",448,1376
"533","1304800012864",15,75
"534","1304800012883",32,562
"535","1304800012915",89,1095
"536","130480001292A",263,2455
"537","1304800012934",299,1820
"538","1304800012949",9,15
"539","1304800012953",18,201
"540","1304800012972",53,507
"541","1304800013006",13,31
"542","1304800013010",31,444
"543","1304800013025",2,318
"544","130480001303A",38,451
"545","1304800013044",34,254
"546","1304800013059",26,138
"547","1304800013063",42,797
"548","1304800013078",257,2041
"549","1304800013082",22,107
"550","1304800013097",14,135
"551","130480001310A",39,953
"552","1304800013114",231,1455
"553","1304800013129",166,472
"554","130480016",306,4071
"555","130480020_R",9,0
"556","130480020_V",884,4266
"557","1304801532898",60,1037
"558","1304801532900",98,2203
"559","1304801532991",2,54
"560","1304801580571",4,87
"561","1304801582686",70,966
"562","1304801582690",72,1644
"563","1304801582703",47,865
"564","1304801582718",51,1096
"565","130480270",560,122
"566","130482671_F",8,0
"567","130482671_M",35,0
"568","1304900010047",2,927
"569","1305000010048",8,3851
"570","1305000010052",3,5318
"571","1305000010067",2,2586
"572","1305000010090",3,4036
"573","1305000030118",2,1444
"574","130500029",5,2950
"575","1305100010153",113,132
"576","1305100010168",381,3644
"577","1305100010187",65,620
"578","1305100010191",412,2055
"579","1305100010204",545,2399
"580","1305100010581",31,223
"581","1305100012041",15,199
"582","1305100012126",21,256
"583","1305100030219",193,1570
"584","1305100030223",238,1750
"585","1305100032094",24,1157
"586","1305100041077",270,1649
"587","1305100041109",90,793
"588","1305100101113",110,1447
"589","1305100101128",997,1491
"590","1305100121132",101,995
"591","1305100141147",263,666
"592","1305100141151",759,2733
"593","1305100201170",318,602
"594","1305100231185",109,1861
"595","130510026119A",185,819
"596","1305100270115",16,138
"597","1305100270666",267,2338
"598","1305100270670",288,3468
"599","1305100270685",487,1849
"600","130510027069A",174,1924
"601","1305100270702",119,2539
"602","1305100270717",262,2797
"603","1305100270721",499,2262
"604","1305100270736",192,2160
"605","1305100270929",43,528
"606","1305100270933",1,45
"607","1305100270952",48,201
"608","1305100270967",48,605
"609","130510027101A",6,0
"610","1305100271062",174,606
"611","1305100271965",119,815
"612","130510027197A",12,0
"613","1305100272060",75,383
"614","1305100291202",982,1958
"615","1305100541217",52,722
"616","1305100551221",441,2778
"617","1305100591927",20,12
"618","1305100601236",443,297
"619","1305100631240",207,2213
"620","1305100631255",373,2105
"621","130510063126A",248,1261
"622","130510078165A",217,2524
"623","1305100781664",175,2155
"624","1305100781679",210,1991
"625","1305100831931",93,1714
"626","1305100831946",54,1206
"627","1305100831950",117,2669
"628","1305100831984",53,930
"629","1305100831999",21,235
"630","1305100842357",136,1313
"631","1305100842361",84,1332
"632","1305100842376",159,1917
"633","1305100901274",142,522
"634","1305100911289",285,841
"635","1305100921683",269,604
"636","1305100931293",347,2834
"637","1305100931306",681,3028
"638","1305100941310",124,368
"639","1305100951698",351,1867
"640","1305100961700",541,3021
"641","1305100971325",158,207
"642","1305100981715",45,629
"643","130510099172A",608,4027
"644","130510100133A",156,1950
"645","1305101002022",52,572
"646","1305101002056",1,103
"647","1305101002075",3,54
"648","1305101011344",91,889
"649","1305101011359",390,1018
"650","1305101021363",128,55
"651","1305101031378",61,445
"652","1305101041382",42,583
"653","1305101051397",57,438
"654","1305101061734",228,2026
"655","130510107140A",264,3003
"656","1305101081414",696,1726
"657","1305101091429",49,287
"658","1305101101749",42,257
"659","1305101111753",77,726
"660","1305101121433",10,259
"661","1305101131448",115,1245
"662","1305101141452",29,112
"663","1305101151768",27,296
"664","1305101161772",4,160
"665","1305101171787",37,383
"666","1305101181166",108,457
"667","1305101191467",63,1055
"668","1305101201471",66,593
"669","1305101211486",40,567
"670","1305101221791",53,451
"671","1305101231804",80,577
"672","1305101241490",40,464
"673","1305101251819",57,295
"674","1305101261823",62,1097
"675","1305101271838",18,573
"676","1305101281503",24,392
"677","1305101291518",6,325
"678","1305101301842",246,1406
"679","1305101311857",45,454
"680","1305101321861",54,368
"681","1305101331522",117,1814
"682","1305101341876",68,1058
"683","1305101351537",112,506
"684","1305101361541",88,773
"685","1305101371556",94,762
"686","1305101381880",145,1440
"687","1305101391560",190,2787
"688","1305101391575",161,2154
"689","130510139158A",260,3380
"690","1305101392037",130,1910
"691","130510139208A",11,86
"692","1305101401594",103,452
"693","1305101411895",324,2155
"694","1305101421908",240,1877
"695","1305101431607",71,785
"696","1305101441611",45,298
"697","1305101451912",20,209
"698","1305101461626",396,2501
"699","1305101471630",224,1815
"700","1305101471645",251,3293
"701","1305101482107",71,1091
"702","1305101482111",109,1019
"703","1305101482130",79,1129
"704","1305101482145",65,1409
"705","130510148215A",72,1451
"706","1305101482164",59,810
"707","1305101482179",26,400
"708","1305101482183",99,2340
"709","1305101482198",60,2072
"710","1305101482200",68,1227
"711","1305101482215",48,1035
"712","130510148222A",32,956
"713","1305101482234",41,635
"714","1305101482249",66,1050
"715","1305101482253",60,899
"716","1305101482268",75,1008
"717","1305101482272",133,1142
"718","1305101482287",117,481
"719","1305101482291",65,666
"720","1305101482304",42,1203
"721","1305101482408",2,NA
"722","1305101482412",10,NA
"723","1305101512319",206,3747
"724","1305101512323",25,723
"725","1305101512338",9,366
"726","1305101512342",13,319
"727","1305101522380",95,1657
"728","1305101522395",276,2981
"729","130510562_A",793,1043
"730","130510577_I",401,1463
"731","130510577_Z",2863,15495
"732","1305200010095",66,2000
"733","1305200010108",4,155
"734","1305200010112",5,295
"735","1305200010235",5,40
"736","1305200010269",118,2170
"737","1305200010273",77,2099
"738","1305200010288",183,2576
"739","1305200010292",184,2689
"740","130520019",149,4961
"741","130520019031A",154,1845
"742","1305200190324",45,1225
"743","130520023",1190,9470
"744","130520038",117,5697
"745","130520080",6,3365
"746","1305300010105",1,562
"747","1305400010047",2,1107
"748","130540013",27,16325
"749","1305400190102",15,3607
"750","1305400320136",4,1472
"751","1305400320140",3,1617
"752","130540051",1,3168
"753","130540117",3,1107
"754","130540121",2,8393
"755","130550010",1,5592
"756","1305500170114",3,1328
"757","1305500170129",2,1250
"758","130550025",1,1272
"759","13055003A",1,763
"760","130550044",7,2273
"761","130550059",4,3175
"762","1305600010037",2,190
"763","1305600010075",1,665
"764","130560001008A",10,2545
"765","1305600010200",1,3038
"766","1305600010215",1,2344
"767","130560001022A",2,2122
"768","1305600010291",1,701
"769","1305600010304",2,1063
"770","1305600050164",16,1324
"771","1305600050179",16,2148
"772","1305600360253",6,1247
"773","1305600360268",2,1133
"774","1305600360272",5,2598
"775","1305600360319",2,126
"776","130560145",5,921
"777","13056015A",125,12615
"778","1305700010072",43,2208
"779","1305700010087",22,2149
"780","1305700010091",3,124
"781","1305700010119",33,35
"782","130570015",5,2419
"783","13057002A",321,5460
"784","130570049",94,1383
"785","130570053",36,1075
"786","1305800010065",1,1514
"787","130580001007A",2,1294
"788","1305800010120",1,25
"789","130580027",1,3525
"790","130580031",9,9886
"791","130590024",2,7856
"792","130590043",1,8485
"793","130590062",1,1970
"794","130600001003A",1,2614
"795","130600010",1,6439
"796","130600025",1,8450
"797","1306100010304",11,2962
"798","1306100010319",3,2649
"799","1306100010323",8,2322
"800","1306100010357",5,2115
"801","1306100010573",4,2352
"802","1306100010588",1,655
"803","1306100010677",5,1395
"804","1306100010681",3,1056
"805","1306100020107",4,59
"806","1306100020126",2,0
"807","1306100020361",8,1451
"808","1306100020376",2,1219
"809","1306100020380",7,986
"810","1306100020395",1,800
"811","1306100020412",4,1983
"812","1306100020427",10,1813
"813","1306100020431",12,1320
"814","1306100020446",4,1315
"815","1306100020450",7,1678
"816","1306100020465",4,1495
"817","130610002047A",6,1555
"818","1306100020484",16,2343
"819","1306100020499",6,725
"820","1306100020501",14,22
"821","1306100020520",4,1427
"822","1306100020535",1,1393
"823","130610002054A",7,702
"824","1306100020639",1,1206
"825","1306100020643",3,852
"826","1306100020658",7,2145
"827","1306100020696",4,0
"828","130610022",7,2401
"829","130610037",17,4357
"830","130620049",1,4786
"831","1306300010084",2,3444
"832","1306300010101",1,241
"833","1306300010120",1,1770
"834","1306300010262",2,1694
"835","1306300010277",1,3688
"836","1306300010309",1,1427
"837","1306300010671",1,767
"838","1306300060563",1,1325
"839","1306300110154",7,4091
"840","130630012",5,7550
"841","130630027",1,10337
"842","130630031",7,4839
"843","130630046",1,7138
"844","1306500010089",1,1647
"845","1306500010110",1,943
"846","130650017",5,2623
"847","1306600010029",71,1824
"848","1306600010048",43,3015
"849","1306600010137",22,1090
"850","1306600010141",1,259
"851","1306600080118",10,1862
"852","1306600080122",4,893
"853","130660014",175,4064
"854","1306700010399",1,2755
"855","1306700030505",1,2024
"856","1306700050469",1,2632
"857","1306700060435",2,3990
"858","1306700080416",1,1693
"859","130670009044A",2,4185
"860","130670011_W",1,13581
"861","130670030",5,4364
"862","130690001004A",55,167
"863","1306900010054",23,276
"864","1306900010069",171,2779
"865","1306900010073",718,2986
"866","1306900010177",269,4172
"867","1306900010232",57,2478
"868","1306900010247",8,8
"869","1306900010251",3,42
"870","1306900010266",51,147
"871","130690001029A",203,1704
"872","1306900010374",364,1745
"873","1306900010980",147,1834
"874","1306900020482",180,1296
"875","1306900020497",161,1066
"876","130690002050A",489,1919
"877","1306900020514",97,956
"878","1306900020904",2,29
"879","1306900020919",27,437
"880","1306900020923",65,2
"881","1306900020957",147,1324
"882","1306900021283",3,NA
"883","1306900051048",60,981
"884","1306900051052",96,645
"885","1306900051067",162,716
"886","1306900051071",274,1706
"887","1306900051086",177,1227
"888","1306900051090",197,1334
"889","1306900051103",395,1189
"890","1306900051118",213,1602
"891","1306900051122",217,587
"892","1306900080213",356,2228
"893","130690008043A",160,1797
"894","1306900080444",92,1780
"895","1306900100529",492,1129
"896","1306900100533",313,1797
"897","130690016_I",3874,8062
"898","130690016_J",13,1274
"899","130690016_P",26,0
"900","130690016_S",36,0
"901","1306900190410",760,4623
"902","1306900190425",438,2368
"903","1306900190478",1,55
"904","1306900190938",53,853
"905","1306900190976",63,462
"906","1306900420548",88,986
"907","1306900420552",187,1622
"908","1306900420567",218,2374
"909","1306900420571",243,1628
"910","1306900420586",81,903
"911","1306900420590",213,1687
"912","1306900420603",74,1424
"913","1306900420618",133,1685
"914","1306900420622",185,1241
"915","1306900420637",150,1008
"916","1306900420641",127,1344
"917","1306900420656",98,1538
"918","1306900420660",101,1570
"919","1306900420675",232,1681
"920","130690044068A",168,1199
"921","1306900440694",172,620
"922","1306900440707",40,504
"923","1306900440711",73,844
"924","1306900440726",92,864
"925","1306900440730",151,1371
"926","1306900440745",147,1349
"927","130690044075A",132,1351
"928","1306900440764",115,1565
"929","1306900440779",162,1643
"930","1306900440783",43,1390
"931","1306900440798",7,1292
"932","1306900440800",175,1628
"933","1306900440815",189,1004
"934","130690044082A",175,988
"935","1306900440834",214,579
"936","1306900440849",2,1177
"937","1306900440887",169,963
"938","130690044132A",138,NA
"939","1306900501175",88,1377
"940","130690050118A",187,1042
"941","1306900501194",64,1103
"942","1306900501300",2,NA
"943","1306900501315",1,NA
"944","1307000010021",1,2987
"945","1307000010036",1,5096
"946","130700002013A",1,3046
"947","130700017_G",2,2847
"948","130710014",1,3321
"949","1307200010045",3,1608
"950","130720001005A",1,255
"951","1307200010079",11,2552
"952","1307200010083",11,3647
"953","130720011",14,613
"954","130720026",29,2438
"955","1307300010131",1,2304
"956","130740001011A",1,2135
"957","1307400010124",4,3395
"958","1307400010162",4,4338
"959","1307400020092",6,5144
"960","1307400030139",1,2505
"961","130740016",10,1317
"962","1307500010051",19,2468
"963","1307500010066",7,1083
"964","1307500010070",4,1878
"965","1307500010155",1,793
"966","130750001016A",1,378
"967","1307500010174",1,368
"968","1307500010189",6,1116
"969","1307500020121",9,1717
"970","1307500020136",7,952
"971","1307500020140",9,1231
"972","130750013_Q",236,4622
"973","1307500410193",3,729
"974","1307500410206",24,1351
"975","1307500410210",9,1754
"976","1307600010082",3,2390
"977","1307600010400",1,2092
"978","130760001042A",1,3131
"979","1307600010665",1,2241
"980","1307600010824",1,1923
"981","1307600080453",1,2934
"982","130760008067A",1,2082
"983","1307600080684",1,1839
"984","1307600081061",1,483
"985","1307600220222",2,4011
"986","130760025",26,6306
"987","1307600271019",1,1316
"988","130760044",19,6536
"989","130760063",1,10578
"990","1307700010018",6,1281
"991","1307700010022",2,2803
"992","1307700010037",6,3847
"993","1307700010060",3,4184
"994","1307700010075",5,4262
"995","130770001008A",15,4189
"996","1307700010111",31,2613
"997","1307700010130",1,67
"998","1307700010215",10,3140
"999","130770001022A",17,517
"1000","1307700010268",2,3796
"1001","1307700010272",2,1899
"1002","1307700010291",1,5
"1003","1307700010319",9,953
"1004","1307700010323",2,292
"1005","1307700010338",9,1610
"1006","1307700010342",2,2408
"1007","1307700010361",1,179
"1008","1307700010376",1,407
"1009","1307700010380",2,1358
"1010","1307700010412",2,2630
"1011","130770001047A",2,2104
"1012","1307700010484",7,2804
"1013","1307700010499",14,1470
"1014","1307700010501",40,929
"1015","1307700010516",7,1777
"1016","1307700010520",3,1609
"1017","1307700010535",10,2015
"1018","130770001054A",20,2478
"1019","1307700010573",18,2574
"1020","1307700010588",22,1930
"1021","1307700010592",1,2794
"1022","1307700010605",2,1854
"1023","1307700010624",2,2532
"1024","1307700010643",1,61
"1025","1307700010662",1,2849
"1026","1307700010677",2,2673
"1027","1307700010681",8,711
"1028","1307700010696",13,1313
"1029","1307700010709",2,3186
"1030","1307700010713",5,2184
"1031","1307700010821",1,876
"1032","1307700010982",2,1711
"1033","1307700010997",1,1492
"1034","1307700011177",7,420
"1035","1307700031209",1,1136
"1036","1307700100431",9,3088
"1037","1307700100446",6,2776
"1038","1307700100802",16,1662
"1039","1307700101139",5,255
"1040","1307700101196",1,116
"1041","1307700180554",2,2008
"1042","1307700180569",2,3047
"1043","1307700180728",1,84
"1044","1307700201088",9,1808
"1045","1307700201092",14,1294
"1046","1307700201105",36,550
"1047","1307700530770",12,2167
"1048","1307700530785",8,2743
"1049","1307700530874",3,2839
"1050","1307700680925",5,2092
"1051","130770068093A",2,2331
"1052","1307700680944",4,2614
"1053","130770108111A",1,2362
"1054","1307701081124",1,2264
"1055","130770145",124,5878
"1056","130770164_V",1,0
"1057","130770164_X",288,11042
"1058","130770179",92,2464
"1059","130770183",37,1094
"1060","1308100010152",1,1556
"1061","1308100010171",1,2153
"1062","1308100010186",1,1657
"1063","1308100010237",1,250
"1064","1308100010241",2,2083
"1065","130810010",2,2296
"1066","1308200010145",7,37
"1067","1308200010179",145,1618
"1068","1308200010183",73,1045
"1069","1308200010287",179,1609
"1070","1308200010291",101,641
"1071","1308200010342",10,28
"1072","1308200020056",139,1922
"1073","1308200020126",165,1896
"1074","1308200020164",2,65
"1075","1308200020198",44,1857
"1076","1308200020200",45,1149
"1077","1308200020215",38,1359
"1078","1308200020268",44,1298
"1079","1308200020272",26,1441
"1080","1308200030304",62,1787
"1081","1308200030319",58,1459
"1082","1308200030323",48,821
"1083","1308200030338",86,1108
"1084","130820018",4,43
"1085","130820022_S",980,229
"1086","1308300010087",3,29
"1087","1308300010119",33,1007
"1088","1308300010123",30,463
"1089","1308300010157",81,1244
"1090","1308300010180",235,1208
"1091","1308300010195",162,1528
"1092","1308300010208",1,53
"1093","1308300010231",8,439
"1094","1308300010246",32,455
"1095","1308300010250",28,355
"1096","1308300010265",6,318
"1097","130830023027A",66,1857
"1098","1308300230284",111,1782
"1099","1308300260299",31,1168
"1100","1308300260301",40,617
"1101","1308300260316",46,729
"1102","13083002A",541,4409
"1103","130830034",551,6966
"1104","130830068_F",1,0
"1105","130830068_G",355,2686
"1106","130830068_M",141,2565
"1107","130830072",352,6176
"1108","1308301020161",124,1158
"1109","1308301020176",202,1749
"1110","1308301020509",233,709
"1111","1308301020513",74,541
"1112","1308301330015",9,40
"1113","1308301330320",216,1755
"1114","1308301330335",138,1409
"1115","130830133034A",95,2491
"1116","1308301330354",59,1267
"1117","1308301330369",111,1701
"1118","1308301330373",4,94
"1119","1308301330388",32,349
"1120","1308301330392",43,466
"1121","1308301330405",48,509
"1122","130830133041A",4,101
"1123","1308301330424",155,1180
"1124","1308301330439",145,1728
"1125","1308301330443",66,431
"1126","1308301330458",145,1050
"1127","1308301330462",27,275
"1128","1308301330477",141,825
"1129","1308301330481",180,1854
"1130","1308301330496",23,64
"1131","1308301330528",10,NA
"1132","1308301330532",3,NA
"1133","1308301330585",3,NA
"1134","1308400010192",1,1607
